"E00","E01","E10","E11","phi","attribute","vtkValidPointMask","arc_length","Points:0","Points:1","Points:2"
0.37015024,1.8896695e-06,1.8896695e-06,0.31139229,0.63273491,1,1,0,0,0.5,0
0.36979654,1.8824367e-06,1.8824367e-06,0.31157398,0.6420839,1,1,0.001,0.001,0.5,0
0.36944284,1.875204e-06,1.875204e-06,0.31175568,0.65143288,1,1,0.0020000001,0.0020000001,0.5,0
0.36908915,1.8679712e-06,1.8679712e-06,0.31193738,0.66078187,1,1,0.003,0.003,0.5,0
0.36873545,1.8607384e-06,1.8607384e-06,0.31211908,0.67013085,1,1,0.0040000002,0.0040000002,0.5,0
0.36838175,1.8535057e-06,1.8535057e-06,0.31230078,0.67947983,1,1,0.0049999999,0.0049999999,0.5,0
0.36802806,1.8462729e-06,1.8462729e-06,0.31248247,0.68882882,1,1,0.0060000001,0.0060000001,0.5,0
0.36767436,1.8390401e-06,1.8390401e-06,0.31266417,0.69817781,1,1,0.0070000002,0.0070000002,0.5,0
0.36732066,1.8318074e-06,1.8318074e-06,0.31284587,0.70752679,1,1,0.0080000004,0.0080000004,0.5,0
0.36696697,1.8245746e-06,1.8245746e-06,0.31302757,0.71687577,1,1,0.0089999996,0.0089999996,0.5,0
0.36661327,1.8173418e-06,1.8173418e-06,0.31320926,0.72622475,1,1,0.0099999998,0.0099999998,0.5,0
0.36625957,1.8101091e-06,1.8101091e-06,0.31339096,0.73557374,1,1,0.011,0.011,0.5,0
0.36590588,1.8028763e-06,1.8028763e-06,0.31357266,0.74492272,1,1,0.012,0.012,0.5,0
0.36555218,1.7956435e-06,1.7956435e-06,0.31375436,0.75427171,1,1,0.013,0.013,0.5,0
0.36519848,1.7884108e-06,1.7884108e-06,0.31393605,0.7636207,1,1,0.014,0.014,0.5,0
0.36484478,1.781178e-06,1.781178e-06,0.31411775,0.77296967,1,1,0.015,0.015,0.5,0
0.36449109,1.7739452e-06,1.7739452e-06,0.31429945,0.78231867,1,1,0.016000001,0.016000001,0.5,0
0.36413739,1.7667125e-06,1.7667125e-06,0.31448115,0.79166765,1,1,0.017000001,0.017000001,0.5,0
0.36378369,1.7594797e-06,1.7594797e-06,0.31466284,0.80101662,1,1,0.017999999,0.017999999,0.5,0
0.36343,1.7522469e-06,1.7522469e-06,0.31484454,0.81036561,1,1,0.018999999,0.018999999,0.5,0
0.3630763,1.7450142e-06,1.7450142e-06,0.31502624,0.81971459,1,1,0.02,0.02,0.5,0
0.3627226,1.7377814e-06,1.7377814e-06,0.31520794,0.82906358,1,1,0.021,0.021,0.5,0
0.36236891,1.7305486e-06,1.7305486e-06,0.31538964,0.83841256,1,1,0.022,0.022,0.5,0
0.36201521,1.7233159e-06,1.7233159e-06,0.31557133,0.84776155,1,1,0.023,0.023,0.5,0
0.36166151,1.7160831e-06,1.7160831e-06,0.31575303,0.85711054,1,1,0.024,0.024,0.5,0
0.36130782,1.7088503e-06,1.7088503e-06,0.31593473,0.86645952,1,1,0.025,0.025,0.5,0
0.36095412,1.7016176e-06,1.7016176e-06,0.31611643,0.87580851,1,1,0.026000001,0.026000001,0.5,0
0.36060042,1.6943848e-06,1.6943848e-06,0.31629812,0.88515749,1,1,0.027000001,0.027000001,0.5,0
0.36024673,1.687152e-06,1.687152e-06,0.31647982,0.89450648,1,1,0.028000001,0.028000001,0.5,0
0.35989303,1.6799193e-06,1.6799193e-06,0.31666152,0.90385545,1,1,0.028999999,0.028999999,0.5,0
0.35953933,1.6726865e-06,1.6726865e-06,0.31684322,0.91320443,1,1,0.029999999,0.029999999,0.5,0
0.35918564,1.6654537e-06,1.6654537e-06,0.31702491,0.92255342,1,1,0.030999999,0.030999999,0.5,0
0.35883194,1.6582209e-06,1.6582209e-06,0.31720661,0.93190242,1,1,0.032000002,0.032000002,0.5,0
0.35847824,1.6509882e-06,1.6509882e-06,0.31738831,0.94125139,1,1,0.033,0.033,0.5,0
0.35812454,1.6437554e-06,1.6437554e-06,0.31757001,0.95060039,1,1,0.034000002,0.034000002,0.5,0
0.35777085,1.6365227e-06,1.6365227e-06,0.31775171,0.95994936,1,1,0.035,0.035,0.5,0
0.35741715,1.6292899e-06,1.6292899e-06,0.3179334,0.96929833,1,1,0.035999998,0.035999998,0.5,0
0.35706345,1.6220571e-06,1.6220571e-06,0.3181151,0.97864733,1,1,0.037,0.037,0.5,0
0.35670976,1.6148244e-06,1.6148244e-06,0.3182968,0.9879963,1,1,0.037999999,0.037999999,0.5,0
0.35635606,1.6075916e-06,1.6075916e-06,0.3184785,0.9973453,1,1,0.039000001,0.039000001,0.5,0
0.35600236,1.6003588e-06,1.6003588e-06,0.31866019,1.0066943,1,1,0.039999999,0.039999999,0.5,0
0.35564867,1.593126e-06,1.593126e-06,0.31884189,1.0160433,1,1,0.041000001,0.041000001,0.5,0
0.35529497,1.5858933e-06,1.5858933e-06,0.31902359,1.0253922,1,1,0.041999999,0.041999999,0.5,0
0.35494127,1.5786605e-06,1.5786605e-06,0.31920529,1.0347412,1,1,0.043000001,0.043000001,0.5,0
0.35458758,1.5714278e-06,1.5714278e-06,0.31938698,1.0440902,1,1,0.044,0.044,0.5,0
0.35423388,1.564195e-06,1.564195e-06,0.31956868,1.0534392,1,1,0.045000002,0.045000002,0.5,0
0.35388018,1.5569622e-06,1.5569622e-06,0.31975038,1.0627882,1,1,0.046,0.046,0.5,0
0.35352649,1.5497295e-06,1.5497295e-06,0.31993208,1.0721372,1,1,0.046999998,0.046999998,0.5,0
0.35317279,1.5424967e-06,1.5424967e-06,0.32011378,1.0814862,1,1,0.048,0.048,0.5,0
0.35281909,1.5352639e-06,1.5352639e-06,0.32029547,1.0908351,1,1,0.048999999,0.048999999,0.5,0
0.3524654,1.5280311e-06,1.5280311e-06,0.32047717,1.1001841,1,1,0.050000001,0.050000001,0.5,0
0.3521117,1.5207984e-06,1.5207984e-06,0.32065887,1.1095331,1,1,0.050999999,0.050999999,0.5,0
0.351758,1.5135656e-06,1.5135656e-06,0.32084057,1.1188821,1,1,0.052000001,0.052000001,0.5,0
0.35140431,1.5063329e-06,1.5063329e-06,0.32102226,1.1282311,1,1,0.052999999,0.052999999,0.5,0
0.35105061,1.4991001e-06,1.4991001e-06,0.32120396,1.1375801,1,1,0.054000001,0.054000001,0.5,0
0.35069691,1.4918673e-06,1.4918673e-06,0.32138566,1.146929,1,1,0.055,0.055,0.5,0
0.35034321,1.4846345e-06,1.4846345e-06,0.32156736,1.156278,1,1,0.056000002,0.056000002,0.5,0
0.34998952,1.4774018e-06,1.4774018e-06,0.32174905,1.165627,1,1,0.057,0.057,0.5,0
0.34963582,1.470169e-06,1.470169e-06,0.32193075,1.174976,1,1,0.057999998,0.057999998,0.5,0
0.34928212,1.4629362e-06,1.4629362e-06,0.32211245,1.184325,1,1,0.059,0.059,0.5,0
0.34892843,1.4557035e-06,1.4557035e-06,0.32229415,1.1936739,1,1,0.059999999,0.059999999,0.5,0
0.34857473,1.4484707e-06,1.4484707e-06,0.32247585,1.203023,1,1,0.061000001,0.061000001,0.5,0
0.34822103,1.4412379e-06,1.4412379e-06,0.32265754,1.2123719,1,1,0.061999999,0.061999999,0.5,0
0.34786734,1.4340052e-06,1.4340052e-06,0.32283924,1.2217209,1,1,0.063000001,0.063000001,0.5,0
0.34751364,1.4267724e-06,1.4267724e-06,0.32302094,1.2310699,1,1,0.064000003,0.064000003,0.5,0
0.34715994,1.4195397e-06,1.4195397e-06,0.32320264,1.2404189,1,1,0.064999998,0.064999998,0.5,0
0.34680625,1.4123069e-06,1.4123069e-06,0.32338433,1.2497679,1,1,0.066,0.066,0.5,0
0.34645255,1.4050741e-06,1.4050741e-06,0.32356603,1.2591169,1,1,0.067000002,0.067000002,0.5,0
0.34609885,1.3978413e-06,1.3978413e-06,0.32374773,1.2684659,1,1,0.068000004,0.068000004,0.5,0
0.34574516,1.3906086e-06,1.3906086e-06,0.32392943,1.2778148,1,1,0.068999998,0.068999998,0.5,0
0.34539146,1.3833758e-06,1.3833758e-06,0.32411112,1.2871638,1,1,0.07,0.07,0.5,0
0.34503776,1.376143e-06,1.376143e-06,0.32429282,1.2965128,1,1,0.071000002,0.071000002,0.5,0
0.34468407,1.3689103e-06,1.3689103e-06,0.32447452,1.3058617,1,1,0.071999997,0.071999997,0.5,0
0.34433037,1.3616775e-06,1.3616775e-06,0.32465622,1.3152107,1,1,0.072999999,0.072999999,0.5,0
0.34397667,1.3544447e-06,1.3544447e-06,0.32483792,1.3245597,1,1,0.074000001,0.074000001,0.5,0
0.34362297,1.3472119e-06,1.3472119e-06,0.32501961,1.3339088,1,1,0.075000003,0.075000003,0.5,0
0.34326928,1.3399792e-06,1.3399792e-06,0.32520131,1.3432577,1,1,0.075999998,0.075999998,0.5,0
0.34291558,1.3327464e-06,1.3327464e-06,0.32538301,1.3526067,1,1,0.077,0.077,0.5,0
0.34256188,1.3255137e-06,1.3255137e-06,0.32556471,1.3619557,1,1,0.078000002,0.078000002,0.5,0
0.34220819,1.3182809e-06,1.3182809e-06,0.3257464,1.3713047,1,1,0.079000004,0.079000004,0.5,0
0.34185449,1.3110481e-06,1.3110481e-06,0.3259281,1.3806536,1,1,0.079999998,0.079999998,0.5,0
0.34150079,1.3038154e-06,1.3038154e-06,0.3261098,1.3900026,1,1,0.081,0.081,0.5,0
0.3411471,1.2965826e-06,1.2965826e-06,0.3262915,1.3993516,1,1,0.082000002,0.082000002,0.5,0
0.3407934,1.2893499e-06,1.2893499e-06,0.32647319,1.4087006,1,1,0.082999997,0.082999997,0.5,0
0.3404397,1.2821171e-06,1.2821171e-06,0.32665489,1.4180496,1,1,0.083999999,0.083999999,0.5,0
0.34008601,1.2748843e-06,1.2748843e-06,0.32683659,1.4273986,1,1,0.085000001,0.085000001,0.5,0
0.33973231,1.2676515e-06,1.2676515e-06,0.32701829,1.4367476,1,1,0.086000003,0.086000003,0.5,0
0.33937861,1.2604188e-06,1.2604188e-06,0.32719998,1.4460965,1,1,0.086999997,0.086999997,0.5,0
0.33902492,1.253186e-06,1.253186e-06,0.32738168,1.4554455,1,1,0.088,0.088,0.5,0
0.33867122,1.2459532e-06,1.2459532e-06,0.32756338,1.4647945,1,1,0.089000002,0.089000002,0.5,0
0.33831752,1.2387204e-06,1.2387204e-06,0.32774508,1.4741435,1,1,0.090000004,0.090000004,0.5,0
0.33796383,1.2314877e-06,1.2314877e-06,0.32792678,1.4834925,1,1,0.090999998,0.090999998,0.5,0
0.33761013,1.2242549e-06,1.2242549e-06,0.32810847,1.4928415,1,1,0.092,0.092,0.5,0
0.33725643,1.2170221e-06,1.2170221e-06,0.32829017,1.5021905,1,1,0.093000002,0.093000002,0.5,0
0.33690274,1.2097894e-06,1.2097894e-06,0.32847187,1.5115394,1,1,0.093999997,0.093999997,0.5,0
0.33654904,1.2025566e-06,1.2025566e-06,0.32865357,1.5208884,1,1,0.094999999,0.094999999,0.5,0
0.33619534,1.1953239e-06,1.1953239e-06,0.32883526,1.5302374,1,1,0.096000001,0.096000001,0.5,0
0.33584164,1.1880911e-06,1.1880911e-06,0.32901696,1.5395864,1,1,0.097000003,0.097000003,0.5,0
0.33548795,1.1808583e-06,1.1808583e-06,0.32919866,1.5489353,1,1,0.097999997,0.097999997,0.5,0
0.33513425,1.1736256e-06,1.1736256e-06,0.32938036,1.5582843,1,1,0.098999999,0.098999999,0.5,0
0.33478055,1.1663928e-06,1.1663928e-06,0.32956206,1.5676333,1,1,0.1,0.1,0.5,0
0.33442686,1.15916e-06,1.15916e-06,0.32974375,1.5769823,1,1,0.101,0.101,0.5,0
0.33407316,1.1519273e-06,1.1519273e-06,0.32992545,1.5863313,1,1,0.102,0.102,0.5,0
0.33371946,1.1446945e-06,1.1446945e-06,0.33010715,1.5956803,1,1,0.103,0.103,0.5,0
0.33336577,1.1374617e-06,1.1374617e-06,0.33028885,1.6050293,1,1,0.104,0.104,0.5,0
0.33301207,1.130229e-06,1.130229e-06,0.33047054,1.6143782,1,1,0.105,0.105,0.5,0
0.33265837,1.1229962e-06,1.1229962e-06,0.33065224,1.6237272,1,1,0.106,0.106,0.5,0
0.33230468,1.1157634e-06,1.1157634e-06,0.33083394,1.6330762,1,1,0.107,0.107,0.5,0
0.33195098,1.1085306e-06,1.1085306e-06,0.33101564,1.6424252,1,1,0.108,0.108,0.5,0
0.33159728,1.1012979e-06,1.1012979e-06,0.33119733,1.6517742,1,1,0.109,0.109,0.5,0
0.33124359,1.0940651e-06,1.0940651e-06,0.33137903,1.6611232,1,1,0.11,0.11,0.5,0
0.33088989,1.0868323e-06,1.0868323e-06,0.33156073,1.6704722,1,1,0.111,0.111,0.5,0
0.33053619,1.0795996e-06,1.0795996e-06,0.33174243,1.6798212,1,1,0.112,0.112,0.5,0
0.3301825,1.0723668e-06,1.0723668e-06,0.33192412,1.6891701,1,1,0.113,0.113,0.5,0
0.3298288,1.065134e-06,1.065134e-06,0.33210582,1.6985191,1,1,0.114,0.114,0.5,0
0.3294751,1.0579013e-06,1.0579013e-06,0.33228752,1.7078681,1,1,0.115,0.115,0.5,0
0.32912141,1.0506685e-06,1.0506685e-06,0.33246922,1.717217,1,1,0.116,0.116,0.5,0
0.32876771,1.0434358e-06,1.0434358e-06,0.33265092,1.726566,1,1,0.117,0.117,0.5,0
0.32841401,1.036203e-06,1.036203e-06,0.33283261,1.735915,1,1,0.118,0.118,0.5,0
0.32806031,1.0289702e-06,1.0289702e-06,0.33301431,1.7452641,1,1,0.119,0.119,0.5,0
0.32770662,1.0217375e-06,1.0217375e-06,0.33319601,1.754613,1,1,0.12,0.12,0.5,0
0.32735292,1.0145047e-06,1.0145047e-06,0.33337771,1.763962,1,1,0.121,0.121,0.5,0
0.32699922,1.0072719e-06,1.0072719e-06,0.3335594,1.773311,1,1,0.122,0.122,0.5,0
0.32664553,1.0000391e-06,1.0000391e-06,0.3337411,1.78266,1,1,0.123,0.123,0.5,0
0.32629183,9.9280639e-07,9.9280639e-07,0.3339228,1.7920089,1,1,0.124,0.124,0.5,0
0.32571361,9.3463576e-07,9.3463576e-07,0.33422178,1.8043917,1,1,0.125,0.125,0.5,0
0.32573867,9.3066512e-07,9.3066512e-07,0.33420782,1.8096901,1,1,0.126,0.126,0.5,0
0.32576373,9.2669448e-07,9.2669448e-07,0.33419386,1.8149884,1,1,0.127,0.127,0.5,0
0.3257888,9.2272385e-07,9.2272385e-07,0.33417989,1.8202867,1,1,0.12800001,0.12800001,0.5,0
0.32581386,9.1875327e-07,9.1875327e-07,0.33416593,1.825585,1,1,0.12899999,0.12899999,0.5,0
0.32583893,9.1478263e-07,9.1478263e-07,0.33415197,1.8308833,1,1,0.13,0.13,0.5,0
0.32586399,9.1081199e-07,9.1081199e-07,0.33413801,1.8361817,1,1,0.131,0.131,0.5,0
0.32588906,9.0684136e-07,9.0684136e-07,0.33412404,1.84148,1,1,0.132,0.132,0.5,0
0.32591412,9.0287072e-07,9.0287072e-07,0.33411008,1.8467783,1,1,0.133,0.133,0.5,0
0.32593918,8.9890008e-07,8.9890008e-07,0.33409612,1.8520767,1,1,0.134,0.134,0.5,0
0.32596425,8.9492944e-07,8.9492944e-07,0.33408215,1.857375,1,1,0.13500001,0.13500001,0.5,0
0.32598931,8.9095881e-07,8.9095881e-07,0.33406819,1.8626733,1,1,0.13600001,0.13600001,0.5,0
0.32601438,8.8698823e-07,8.8698823e-07,0.33405423,1.8679716,1,1,0.13699999,0.13699999,0.5,0
0.32603944,8.8301759e-07,8.8301759e-07,0.33404027,1.8732699,1,1,0.138,0.138,0.5,0
0.32606451,8.7904695e-07,8.7904695e-07,0.3340263,1.8785683,1,1,0.139,0.139,0.5,0
0.32608957,8.7507632e-07,8.7507632e-07,0.33401234,1.8838666,1,1,0.14,0.14,0.5,0
0.32611463,8.7110568e-07,8.7110568e-07,0.33399838,1.8891649,1,1,0.141,0.141,0.5,0
0.3261397,8.6713504e-07,8.6713504e-07,0.33398441,1.8944633,1,1,0.142,0.142,0.5,0
0.32616476,8.6316441e-07,8.6316441e-07,0.33397045,1.8997616,1,1,0.14300001,0.14300001,0.5,0
0.32618983,8.5919383e-07,8.5919383e-07,0.33395649,1.9050598,1,1,0.14399999,0.14399999,0.5,0
0.32621489,8.5522319e-07,8.5522319e-07,0.33394253,1.9103582,1,1,0.145,0.145,0.5,0
0.32623996,8.5125255e-07,8.5125255e-07,0.33392856,1.9156565,1,1,0.146,0.146,0.5,0
0.32626502,8.4728192e-07,8.4728192e-07,0.3339146,1.9209548,1,1,0.147,0.147,0.5,0
0.32629008,8.4331128e-07,8.4331128e-07,0.33390064,1.9262532,1,1,0.148,0.148,0.5,0
0.32631515,8.3934064e-07,8.3934064e-07,0.33388667,1.9315515,1,1,0.149,0.149,0.5,0
0.32634021,8.3537001e-07,8.3537001e-07,0.33387271,1.9368498,1,1,0.15000001,0.15000001,0.5,0
0.32636528,8.3139943e-07,8.3139943e-07,0.33385875,1.9421481,1,1,0.15099999,0.15099999,0.5,0
0.32639034,8.2742879e-07,8.2742879e-07,0.33384479,1.9474464,1,1,0.152,0.152,0.5,0
0.3264154,8.2345815e-07,8.2345815e-07,0.33383082,1.9527448,1,1,0.153,0.153,0.5,0
0.32644047,8.1948752e-07,8.1948752e-07,0.33381686,1.9580431,1,1,0.154,0.154,0.5,0
0.32646553,8.1551688e-07,8.1551688e-07,0.3338029,1.9633414,1,1,0.155,0.155,0.5,0
0.3264906,8.1154624e-07,8.1154624e-07,0.33378893,1.9686398,1,1,0.156,0.156,0.5,0
0.32651566,8.075756e-07,8.075756e-07,0.33377497,1.9739381,1,1,0.15700001,0.15700001,0.5,0
0.32654073,8.0360497e-07,8.0360497e-07,0.33376101,1.9792364,1,1,0.15800001,0.15800001,0.5,0
0.32656579,7.9963439e-07,7.9963439e-07,0.33374705,1.9845347,1,1,0.15899999,0.15899999,0.5,0
0.32659085,7.9566375e-07,7.9566375e-07,0.33373308,1.989833,1,1,0.16,0.16,0.5,0
0.32661592,7.9169311e-07,7.9169311e-07,0.33371912,1.9951314,1,1,0.161,0.161,0.5,0
0.32664098,7.8772248e-07,7.8772248e-07,0.33370516,2.0004297,1,1,0.162,0.162,0.5,0
0.32666605,7.8375184e-07,7.8375184e-07,0.33369119,2.005728,1,1,0.163,0.163,0.5,0
0.32669111,7.797812e-07,7.797812e-07,0.33367723,2.0110264,1,1,0.164,0.164,0.5,0
0.32671618,7.7581057e-07,7.7581057e-07,0.33366327,2.0163247,1,1,0.16500001,0.16500001,0.5,0
0.32674124,7.7183999e-07,7.7183999e-07,0.33364931,2.021623,1,1,0.16599999,0.16599999,0.5,0
0.3267663,7.6786935e-07,7.6786935e-07,0.33363534,2.0269213,1,1,0.167,0.167,0.5,0
0.32679137,7.6389871e-07,7.6389871e-07,0.33362138,2.0322196,1,1,0.168,0.168,0.5,0
0.32681643,7.5992808e-07,7.5992808e-07,0.33360742,2.037518,1,1,0.169,0.169,0.5,0
0.3268415,7.5595744e-07,7.5595744e-07,0.33359345,2.0428163,1,1,0.17,0.17,0.5,0
0.32686656,7.519868e-07,7.519868e-07,0.33357949,2.0481146,1,1,0.171,0.171,0.5,0
0.32689163,7.4801617e-07,7.4801617e-07,0.33356553,2.053413,1,1,0.17200001,0.17200001,0.5,0
0.32691669,7.4404559e-07,7.4404559e-07,0.33355157,2.0587112,1,1,0.17299999,0.17299999,0.5,0
0.32694175,7.4007495e-07,7.4007495e-07,0.3335376,2.0640095,1,1,0.17399999,0.17399999,0.5,0
0.32696682,7.3610431e-07,7.3610431e-07,0.33352364,2.0693079,1,1,0.175,0.175,0.5,0
0.32699188,7.3213368e-07,7.3213368e-07,0.33350968,2.0746062,1,1,0.176,0.176,0.5,0
0.32701695,7.2816304e-07,7.2816304e-07,0.33349571,2.0799045,1,1,0.177,0.177,0.5,0
0.32704201,7.241924e-07,7.241924e-07,0.33348175,2.0852029,1,1,0.178,0.178,0.5,0
0.32706708,7.2022176e-07,7.2022176e-07,0.33346779,2.0905012,1,1,0.17900001,0.17900001,0.5,0
0.32709214,7.1625113e-07,7.1625113e-07,0.33345383,2.0957995,1,1,0.18000001,0.18000001,0.5,0
0.3271172,7.1228055e-07,7.1228055e-07,0.33343986,2.1010978,1,1,0.18099999,0.18099999,0.5,0
0.32714227,7.0830991e-07,7.0830991e-07,0.3334259,2.1063961,1,1,0.182,0.182,0.5,0
0.32716733,7.0433927e-07,7.0433927e-07,0.33341194,2.1116945,1,1,0.183,0.183,0.5,0
0.3271924,7.0036864e-07,7.0036864e-07,0.33339797,2.1169928,1,1,0.184,0.184,0.5,0
0.32721746,6.96398e-07,6.96398e-07,0.33338401,2.1222911,1,1,0.185,0.185,0.5,0
0.32724252,6.9242736e-07,6.9242736e-07,0.33337005,2.1275895,1,1,0.186,0.186,0.5,0
0.32726759,6.8845673e-07,6.8845673e-07,0.33335609,2.1328878,1,1,0.18700001,0.18700001,0.5,0
0.32729265,6.8448615e-07,6.8448615e-07,0.33334212,2.1381861,1,1,0.18799999,0.18799999,0.5,0
0.32731772,6.8051551e-07,6.8051551e-07,0.33332816,2.1434844,1,1,0.189,0.189,0.5,0
0.32734278,6.7654487e-07,6.7654487e-07,0.3333142,2.1487827,1,1,0.19,0.19,0.5,0
0.32736785,6.7257424e-07,6.7257424e-07,0.33330023,2.1540811,1,1,0.191,0.191,0.5,0
0.32739291,6.686036e-07,6.686036e-07,0.33328627,2.1593794,1,1,0.192,0.192,0.5,0
0.32741797,6.6463296e-07,6.6463296e-07,0.33327231,2.1646777,1,1,0.193,0.193,0.5,0
0.32744304,6.6066233e-07,6.6066233e-07,0.33325835,2.1699761,1,1,0.19400001,0.19400001,0.5,0
0.3274681,6.5669175e-07,6.5669175e-07,0.33324438,2.1752743,1,1,0.19499999,0.19499999,0.5,0
0.32749317,6.5272111e-07,6.5272111e-07,0.33323042,2.1805726,1,1,0.19599999,0.19599999,0.5,0
0.32751823,6.4875047e-07,6.4875047e-07,0.33321646,2.185871,1,1,0.197,0.197,0.5,0
0.3275433,6.4477984e-07,6.4477984e-07,0.33320249,2.1911693,1,1,0.198,0.198,0.5,0
0.32756836,6.408092e-07,6.408092e-07,0.33318853,2.1964676,1,1,0.199,0.199,0.5,0
0.32759342,6.3683856e-07,6.3683856e-07,0.33317457,2.201766,1,1,0.2,0.2,0.5,0
0.32761849,6.3286792e-07,6.3286792e-07,0.33316061,2.2070643,1,1,0.20100001,0.20100001,0.5,0
0.32764355,6.2889729e-07,6.2889729e-07,0.33314664,2.2123626,1,1,0.20200001,0.20200001,0.5,0
0.32766862,6.2492671e-07,6.2492671e-07,0.33313268,2.2176609,1,1,0.20299999,0.20299999,0.5,0
0.32769368,6.2095607e-07,6.2095607e-07,0.33311872,2.2229592,1,1,0.204,0.204,0.5,0
0.32771874,6.1698543e-07,6.1698543e-07,0.33310475,2.2282576,1,1,0.205,0.205,0.5,0
0.32774381,6.130148e-07,6.130148e-07,0.33309079,2.2335559,1,1,0.206,0.206,0.5,0
0.32776887,6.0904416e-07,6.0904416e-07,0.33307683,2.2388542,1,1,0.207,0.207,0.5,0
0.32779394,6.0507352e-07,6.0507352e-07,0.33306287,2.2441526,1,1,0.208,0.208,0.5,0
0.327819,6.0110289e-07,6.0110289e-07,0.3330489,2.2494509,1,1,0.20900001,0.20900001,0.5,0
0.32784407,5.9713231e-07,5.9713231e-07,0.33303494,2.2547492,1,1,0.20999999,0.20999999,0.5,0
0.32786913,5.9316167e-07,5.9316167e-07,0.33302098,2.2600475,1,1,0.211,0.211,0.5,0
0.32789419,5.8919103e-07,5.8919103e-07,0.33300701,2.2653458,1,1,0.212,0.212,0.5,0
0.32791926,5.852204e-07,5.852204e-07,0.33299305,2.2706442,1,1,0.213,0.213,0.5,0
0.32794432,5.8124976e-07,5.8124976e-07,0.33297909,2.2759425,1,1,0.214,0.214,0.5,0
0.32796939,5.7727912e-07,5.7727912e-07,0.33296513,2.2812408,1,1,0.215,0.215,0.5,0
0.32799445,5.7330849e-07,5.7330849e-07,0.33295116,2.2865392,1,1,0.21600001,0.21600001,0.5,0
0.32801952,5.6933791e-07,5.6933791e-07,0.3329372,2.2918374,1,1,0.21699999,0.21699999,0.5,0
0.32804458,5.6536727e-07,5.6536727e-07,0.33292324,2.2971357,1,1,0.21799999,0.21799999,0.5,0
0.32806964,5.6139663e-07,5.6139663e-07,0.33290927,2.3024341,1,1,0.219,0.219,0.5,0
0.32809471,5.57426e-07,5.57426e-07,0.33289531,2.3077324,1,1,0.22,0.22,0.5,0
0.32811977,5.5345536e-07,5.5345536e-07,0.33288135,2.3130307,1,1,0.221,0.221,0.5,0
0.32814484,5.4948472e-07,5.4948472e-07,0.33286739,2.3183291,1,1,0.222,0.222,0.5,0
0.3281699,5.4551408e-07,5.4551408e-07,0.33285342,2.3236274,1,1,0.223,0.223,0.5,0
0.32819497,5.4154345e-07,5.4154345e-07,0.33283946,2.3289258,1,1,0.22400001,0.22400001,0.5,0
0.32822003,5.3757287e-07,5.3757287e-07,0.3328255,2.334224,1,1,0.22499999,0.22499999,0.5,0
0.32824509,5.3360223e-07,5.3360223e-07,0.33281153,2.3395223,1,1,0.226,0.226,0.5,0
0.32827016,5.2963159e-07,5.2963159e-07,0.33279757,2.3448207,1,1,0.227,0.227,0.5,0
0.32829522,5.2566096e-07,5.2566096e-07,0.33278361,2.350119,1,1,0.228,0.228,0.5,0
0.32832029,5.2169032e-07,5.2169032e-07,0.33276965,2.3554173,1,1,0.229,0.229,0.5,0
0.32834535,5.1771968e-07,5.1771968e-07,0.33275568,2.3607157,1,1,0.23,0.23,0.5,0
0.32837042,5.1374905e-07,5.1374905e-07,0.33274172,2.366014,1,1,0.23100001,0.23100001,0.5,0
0.32839548,5.0977847e-07,5.0977847e-07,0.33272776,2.3713123,1,1,0.23199999,0.23199999,0.5,0
0.32842054,5.0580783e-07,5.0580783e-07,0.33271379,2.3766106,1,1,0.233,0.233,0.5,0
0.32844561,5.0183719e-07,5.0183719e-07,0.33269983,2.3819089,1,1,0.234,0.234,0.5,0
0.32847067,4.9786656e-07,4.9786656e-07,0.33268587,2.3872073,1,1,0.235,0.235,0.5,0
0.32849574,4.9389592e-07,4.9389592e-07,0.33267191,2.3925056,1,1,0.236,0.236,0.5,0
0.3285208,4.8992528e-07,4.8992528e-07,0.33265794,2.3978039,1,1,0.237,0.237,0.5,0
0.32854586,4.8595465e-07,4.8595465e-07,0.33264398,2.4031023,1,1,0.23800001,0.23800001,0.5,0
0.32857093,4.8198407e-07,4.8198407e-07,0.33263002,2.4084005,1,1,0.23899999,0.23899999,0.5,0
0.32859599,4.7801343e-07,4.7801343e-07,0.33261605,2.4136989,1,1,0.23999999,0.23999999,0.5,0
0.32862106,4.7404279e-07,4.7404279e-07,0.33260209,2.4189972,1,1,0.241,0.241,0.5,0
0.32864612,4.7007216e-07,4.7007216e-07,0.33258813,2.4242955,1,1,0.242,0.242,0.5,0
0.32867119,4.6610152e-07,4.6610152e-07,0.33257417,2.4295939,1,1,0.243,0.243,0.5,0
0.32869625,4.6213088e-07,4.6213088e-07,0.3325602,2.4348922,1,1,0.244,0.244,0.5,0
0.32872131,4.5816024e-07,4.5816024e-07,0.33254624,2.4401905,1,1,0.245,0.245,0.5,0
0.32874638,4.5418961e-07,4.5418961e-07,0.33253228,2.4454889,1,1,0.24600001,0.24600001,0.5,0
0.32877144,4.5021903e-07,4.5021903e-07,0.33251831,2.4507871,1,1,0.24699999,0.24699999,0.5,0
0.32879651,4.4624839e-07,4.4624839e-07,0.33250435,2.4560854,1,1,0.248,0.248,0.5,0
0.32882157,4.4227775e-07,4.4227775e-07,0.33249039,2.4613838,1,1,0.249,0.249,0.5,0
0.32884498,4.5771547e-07,4.5771547e-07,0.33247956,2.4678586,1,1,0.25,0.25,0.5,0
0.32885919,4.5474895e-07,4.5474895e-07,0.33247134,2.4707192,1,1,0.25099999,0.25099999,0.5,0
0.3288734,4.5178235e-07,4.5178235e-07,0.33246311,2.47358,1,1,0.252,0.252,0.5,0
0.32888761,4.4881583e-07,4.4881583e-07,0.33245489,2.4764406,1,1,0.25299999,0.25299999,0.5,0
0.32890182,4.4584922e-07,4.4584922e-07,0.33244666,2.4793013,1,1,0.25400001,0.25400001,0.5,0
0.32891603,4.428827e-07,4.428827e-07,0.33243843,2.4821619,1,1,0.255,0.255,0.5,0
0.32893024,4.3991609e-07,4.3991609e-07,0.33243021,2.4850227,1,1,0.25600001,0.25600001,0.5,0
0.32894445,4.3694957e-07,4.3694957e-07,0.33242198,2.4878833,1,1,0.257,0.257,0.5,0
0.32895866,4.3398305e-07,4.3398305e-07,0.33241376,2.4907439,1,1,0.25799999,0.25799999,0.5,0
0.32897287,4.3101644e-07,4.3101644e-07,0.33240553,2.4936046,1,1,0.259,0.259,0.5,0
0.32898708,4.2804992e-07,4.2804992e-07,0.3323973,2.4964653,1,1,0.25999999,0.25999999,0.5,0
0.32900129,4.2508331e-07,4.2508331e-07,0.33238908,2.499326,1,1,0.26100001,0.26100001,0.5,0
0.3290155,4.2211679e-07,4.2211679e-07,0.33238085,2.5021866,1,1,0.26199999,0.26199999,0.5,0
0.32902971,4.1915019e-07,4.1915019e-07,0.33237262,2.5050473,1,1,0.26300001,0.26300001,0.5,0
0.32904392,4.1618367e-07,4.1618367e-07,0.3323644,2.507908,1,1,0.264,0.264,0.5,0
0.32905813,4.1321715e-07,4.1321715e-07,0.33235617,2.5107686,1,1,0.26499999,0.26499999,0.5,0
0.32907235,4.1025054e-07,4.1025054e-07,0.33234795,2.5136293,1,1,0.266,0.266,0.5,0
0.32908656,4.0728402e-07,4.0728402e-07,0.33233972,2.51649,1,1,0.26699999,0.26699999,0.5,0
0.32910077,4.0431741e-07,4.0431741e-07,0.33233149,2.5193507,1,1,0.26800001,0.26800001,0.5,0
0.32911498,4.0135089e-07,4.0135089e-07,0.33232327,2.5222113,1,1,0.26899999,0.26899999,0.5,0
0.32912919,3.9838428e-07,3.9838428e-07,0.33231504,2.525072,1,1,0.27000001,0.27000001,0.5,0
0.3291434,3.9541776e-07,3.9541776e-07,0.33230682,2.5279327,1,1,0.271,0.271,0.5,0
0.32915761,3.9245116e-07,3.9245116e-07,0.33229859,2.5307934,1,1,0.27200001,0.27200001,0.5,0
0.32917182,3.8948464e-07,3.8948464e-07,0.33229036,2.533654,1,1,0.273,0.273,0.5,0
0.32918603,3.8651812e-07,3.8651812e-07,0.33228214,2.5365146,1,1,0.27399999,0.27399999,0.5,0
0.32920024,3.8355151e-07,3.8355151e-07,0.33227391,2.5393754,1,1,0.27500001,0.27500001,0.5,0
0.32921445,3.8058499e-07,3.8058499e-07,0.33226569,2.542236,1,1,0.27599999,0.27599999,0.5,0
0.32922866,3.7761838e-07,3.7761838e-07,0.33225746,2.5450967,1,1,0.27700001,0.27700001,0.5,0
0.32924287,3.7465186e-07,3.7465186e-07,0.33224923,2.5479573,1,1,0.278,0.278,0.5,0
0.32925708,3.7168525e-07,3.7168525e-07,0.33224101,2.5508181,1,1,0.27900001,0.27900001,0.5,0
0.32927129,3.6871873e-07,3.6871873e-07,0.33223278,2.5536787,1,1,0.28,0.28,0.5,0
0.3292855,3.6575221e-07,3.6575221e-07,0.33222456,2.5565393,1,1,0.28099999,0.28099999,0.5,0
0.32929971,3.627856e-07,3.627856e-07,0.33221633,2.5594,1,1,0.28200001,0.28200001,0.5,0
0.32931392,3.5981908e-07,3.5981908e-07,0.3322081,2.5622607,1,1,0.28299999,0.28299999,0.5,0
0.32932813,3.5685248e-07,3.5685248e-07,0.33219988,2.5651214,1,1,0.28400001,0.28400001,0.5,0
0.32934234,3.5388596e-07,3.5388596e-07,0.33219165,2.567982,1,1,0.285,0.285,0.5,0
0.32935655,3.5091935e-07,3.5091935e-07,0.33218343,2.5708427,1,1,0.28600001,0.28600001,0.5,0
0.32937076,3.4795283e-07,3.4795283e-07,0.3321752,2.5737034,1,1,0.287,0.287,0.5,0
0.32938497,3.4498631e-07,3.4498631e-07,0.33216697,2.576564,1,1,0.28799999,0.28799999,0.5,0
0.32939918,3.420197e-07,3.420197e-07,0.33215875,2.5794247,1,1,0.289,0.289,0.5,0
0.32941339,3.3905318e-07,3.3905318e-07,0.33215052,2.5822853,1,1,0.28999999,0.28999999,0.5,0
0.32942761,3.3608657e-07,3.3608657e-07,0.3321423,2.5851461,1,1,0.29100001,0.29100001,0.5,0
0.32944182,3.3312005e-07,3.3312005e-07,0.33213407,2.5880067,1,1,0.292,0.292,0.5,0
0.32945603,3.3015345e-07,3.3015345e-07,0.33212584,2.5908674,1,1,0.29300001,0.29300001,0.5,0
0.32947024,3.2718693e-07,3.2718693e-07,0.33211762,2.593728,1,1,0.294,0.294,0.5,0
0.32948445,3.2422041e-07,3.2422041e-07,0.33210939,2.5965887,1,1,0.29499999,0.29499999,0.5,0
0.32949866,3.212538e-07,3.212538e-07,0.33210117,2.5994494,1,1,0.296,0.296,0.5,0
0.32951287,3.1828728e-07,3.1828728e-07,0.33209294,2.60231,1,1,0.29699999,0.29699999,0.5,0
0.32952708,3.1532067e-07,3.1532067e-07,0.33208471,2.6051707,1,1,0.29800001,0.29800001,0.5,0
0.32954129,3.1235415e-07,3.1235415e-07,0.33207649,2.6080314,1,1,0.29899999,0.29899999,0.5,0
0.3295555,3.0938754e-07,3.0938754e-07,0.33206826,2.6108921,1,1,0.30000001,0.30000001,0.5,0
0.32956971,3.0642102e-07,3.0642102e-07,0.33206004,2.6137527,1,1,0.301,0.301,0.5,0
0.32958392,3.034545e-07,3.034545e-07,0.33205181,2.6166134,1,1,0.30199999,0.30199999,0.5,0
0.32959813,3.0048789e-07,3.0048789e-07,0.33204358,2.6194741,1,1,0.303,0.303,0.5,0
0.32961234,2.9752137e-07,2.9752137e-07,0.33203536,2.6223347,1,1,0.30399999,0.30399999,0.5,0
0.32962655,2.9455477e-07,2.9455477e-07,0.33202713,2.6251954,1,1,0.30500001,0.30500001,0.5,0
0.32964076,2.9158825e-07,2.9158825e-07,0.33201891,2.6280561,1,1,0.30599999,0.30599999,0.5,0
0.32965497,2.8862164e-07,2.8862164e-07,0.33201068,2.6309168,1,1,0.30700001,0.30700001,0.5,0
0.32966918,2.8565512e-07,2.8565512e-07,0.33200245,2.6337774,1,1,0.308,0.308,0.5,0
0.32968339,2.826886e-07,2.826886e-07,0.33199423,2.636638,1,1,0.30899999,0.30899999,0.5,0
0.3296976,2.7972199e-07,2.7972199e-07,0.331986,2.6394988,1,1,0.31,0.31,0.5,0
0.32971181,2.7675547e-07,2.7675547e-07,0.33197778,2.6423594,1,1,0.31099999,0.31099999,0.5,0
0.32972602,2.7378886e-07,2.7378886e-07,0.33196955,2.6452201,1,1,0.31200001,0.31200001,0.5,0
0.32974023,2.7082234e-07,2.7082234e-07,0.33196132,2.6480807,1,1,0.31299999,0.31299999,0.5,0
0.32975444,2.6785573e-07,2.6785573e-07,0.3319531,2.6509415,1,1,0.31400001,0.31400001,0.5,0
0.32976866,2.6488921e-07,2.6488921e-07,0.33194487,2.6538021,1,1,0.315,0.315,0.5,0
0.32978287,2.6192261e-07,2.6192261e-07,0.33193665,2.6566628,1,1,0.31600001,0.31600001,0.5,0
0.32979708,2.5895609e-07,2.5895609e-07,0.33192842,2.6595234,1,1,0.317,0.317,0.5,0
0.32981129,2.5598957e-07,2.5598957e-07,0.33192019,2.6623841,1,1,0.31799999,0.31799999,0.5,0
0.3298255,2.5302296e-07,2.5302296e-07,0.33191197,2.6652448,1,1,0.31900001,0.31900001,0.5,0
0.32983971,2.5005644e-07,2.5005644e-07,0.33190374,2.6681054,1,1,0.31999999,0.31999999,0.5,0
0.32985392,2.4708983e-07,2.4708983e-07,0.33189552,2.6709661,1,1,0.32100001,0.32100001,0.5,0
0.32986813,2.4412331e-07,2.4412331e-07,0.33188729,2.6738268,1,1,0.322,0.322,0.5,0
0.32988234,2.411567e-07,2.411567e-07,0.33187906,2.6766875,1,1,0.32300001,0.32300001,0.5,0
0.32989655,2.3819018e-07,2.3819018e-07,0.33187084,2.6795481,1,1,0.324,0.324,0.5,0
0.32991076,2.3522366e-07,2.3522366e-07,0.33186261,2.6824088,1,1,0.32499999,0.32499999,0.5,0
0.32992497,2.3225706e-07,2.3225706e-07,0.33185439,2.6852695,1,1,0.32600001,0.32600001,0.5,0
0.32993918,2.2929054e-07,2.2929054e-07,0.33184616,2.6881301,1,1,0.32699999,0.32699999,0.5,0
0.32995339,2.2632393e-07,2.2632393e-07,0.33183793,2.6909908,1,1,0.32800001,0.32800001,0.5,0
0.3299676,2.2335741e-07,2.2335741e-07,0.33182971,2.6938515,1,1,0.329,0.329,0.5,0
0.32998181,2.203908e-07,2.203908e-07,0.33182148,2.6967122,1,1,0.33000001,0.33000001,0.5,0
0.32999602,2.1742428e-07,2.1742428e-07,0.33181326,2.6995728,1,1,0.331,0.331,0.5,0
0.33001023,2.1445776e-07,2.1445776e-07,0.33180503,2.7024334,1,1,0.33199999,0.33199999,0.5,0
0.33002444,2.1149115e-07,2.1149115e-07,0.3317968,2.7052942,1,1,0.333,0.333,0.5,0
0.33003865,2.0852463e-07,2.0852463e-07,0.33178858,2.7081548,1,1,0.33399999,0.33399999,0.5,0
0.33005286,2.0555802e-07,2.0555802e-07,0.33178035,2.7110155,1,1,0.33500001,0.33500001,0.5,0
0.33006707,2.025915e-07,2.025915e-07,0.33177213,2.7138761,1,1,0.336,0.336,0.5,0
0.33008128,1.996249e-07,1.996249e-07,0.3317639,2.7167369,1,1,0.33700001,0.33700001,0.5,0
0.33009549,1.9665838e-07,1.9665838e-07,0.33175567,2.7195975,1,1,0.338,0.338,0.5,0
0.3301097,1.9369186e-07,1.9369186e-07,0.33174745,2.7224581,1,1,0.33899999,0.33899999,0.5,0
0.33012392,1.9072525e-07,1.9072525e-07,0.33173922,2.7253188,1,1,0.34,0.34,0.5,0
0.33013813,1.8775873e-07,1.8775873e-07,0.331731,2.7281795,1,1,0.34099999,0.34099999,0.5,0
0.33015234,1.8479212e-07,1.8479212e-07,0.33172277,2.7310402,1,1,0.34200001,0.34200001,0.5,0
0.33016655,1.818256e-07,1.818256e-07,0.33171454,2.7339008,1,1,0.34299999,0.34299999,0.5,0
0.33018076,1.7885899e-07,1.7885899e-07,0.33170632,2.7367615,1,1,0.34400001,0.34400001,0.5,0
0.33019497,1.7589247e-07,1.7589247e-07,0.33169809,2.7396222,1,1,0.345,0.345,0.5,0
0.33020918,1.7292595e-07,1.7292595e-07,0.33168986,2.7424828,1,1,0.34599999,0.34599999,0.5,0
0.33022339,1.6995935e-07,1.6995935e-07,0.33168164,2.7453435,1,1,0.347,0.347,0.5,0
0.3302376,1.6699283e-07,1.6699283e-07,0.33167341,2.7482041,1,1,0.34799999,0.34799999,0.5,0
0.33025181,1.6402622e-07,1.6402622e-07,0.33166519,2.7510649,1,1,0.34900001,0.34900001,0.5,0
0.33026602,1.610597e-07,1.610597e-07,0.33165696,2.7539255,1,1,0.34999999,0.34999999,0.5,0
0.33028023,1.5809309e-07,1.5809309e-07,0.33164873,2.7567862,1,1,0.35100001,0.35100001,0.5,0
0.33029444,1.5512657e-07,1.5512657e-07,0.33164051,2.7596468,1,1,0.352,0.352,0.5,0
0.33030865,1.5216005e-07,1.5216005e-07,0.33163228,2.7625075,1,1,0.35299999,0.35299999,0.5,0
0.33032286,1.4919344e-07,1.4919344e-07,0.33162406,2.7653682,1,1,0.354,0.354,0.5,0
0.33033707,1.4622692e-07,1.4622692e-07,0.33161583,2.7682288,1,1,0.35499999,0.35499999,0.5,0
0.33035128,1.4326031e-07,1.4326031e-07,0.3316076,2.7710895,1,1,0.35600001,0.35600001,0.5,0
0.33036549,1.4029379e-07,1.4029379e-07,0.33159938,2.7739502,1,1,0.35699999,0.35699999,0.5,0
0.3303797,1.3732719e-07,1.3732719e-07,0.33159115,2.7768109,1,1,0.35800001,0.35800001,0.5,0
0.33039391,1.3436067e-07,1.3436067e-07,0.33158293,2.7796715,1,1,0.359,0.359,0.5,0
0.33040812,1.3139406e-07,1.3139406e-07,0.3315747,2.7825322,1,1,0.36000001,0.36000001,0.5,0
0.33042233,1.2842754e-07,1.2842754e-07,0.33156647,2.7853929,1,1,0.361,0.361,0.5,0
0.33043654,1.2546102e-07,1.2546102e-07,0.33155825,2.7882535,1,1,0.36199999,0.36199999,0.5,0
0.33045075,1.2249441e-07,1.2249441e-07,0.33155002,2.7911142,1,1,0.36300001,0.36300001,0.5,0
0.33046497,1.1952789e-07,1.1952789e-07,0.3315418,2.7939749,1,1,0.36399999,0.36399999,0.5,0
0.33047918,1.1656128e-07,1.1656128e-07,0.33153357,2.7968356,1,1,0.36500001,0.36500001,0.5,0
0.33049339,1.1359476e-07,1.1359476e-07,0.33152534,2.7996962,1,1,0.366,0.366,0.5,0
0.3305076,1.1062815e-07,1.1062815e-07,0.33151712,2.8025569,1,1,0.36700001,0.36700001,0.5,0
0.33052181,1.0766163e-07,1.0766163e-07,0.33150889,2.8054176,1,1,0.368,0.368,0.5,0
0.33053602,1.0469512e-07,1.0469512e-07,0.33150067,2.8082782,1,1,0.36899999,0.36899999,0.5,0
0.33055023,1.0172851e-07,1.0172851e-07,0.33149244,2.8111389,1,1,0.37,0.37,0.5,0
0.33056444,9.8761987e-08,9.8761987e-08,0.33148421,2.8139995,1,1,0.37099999,0.37099999,0.5,0
0.33057865,9.5795379e-08,9.5795379e-08,0.33147599,2.8168603,1,1,0.37200001,0.37200001,0.5,0
0.33059286,9.2828859e-08,9.2828859e-08,0.33146776,2.8197209,1,1,0.373,0.373,0.5,0
0.33060707,8.9862251e-08,8.9862251e-08,0.33145954,2.8225816,1,1,0.37400001,0.37400001,0.5,0
0.33062472,9.4574442e-08,9.4574442e-08,0.33144988,2.8259912,1,1,0.375,0.375,0.5,0
0.33062888,9.3856219e-08,9.3856219e-08,0.33144745,2.8268974,1,1,0.37599999,0.37599999,0.5,0
0.33063304,9.3137975e-08,9.3137975e-08,0.33144501,2.8278035,1,1,0.377,0.377,0.5,0
0.3306372,9.2419752e-08,9.2419752e-08,0.33144257,2.8287097,1,1,0.37799999,0.37799999,0.5,0
0.33064137,9.1701508e-08,9.1701508e-08,0.33144013,2.8296159,1,1,0.37900001,0.37900001,0.5,0
0.33064553,9.0983285e-08,9.0983285e-08,0.33143769,2.830522,1,1,0.38,0.38,0.5,0
0.33064969,9.026504e-08,9.026504e-08,0.33143525,2.8314282,1,1,0.38100001,0.38100001,0.5,0
0.33065385,8.9546817e-08,8.9546817e-08,0.33143281,2.8323343,1,1,0.382,0.382,0.5,0
0.33065801,8.8828594e-08,8.8828594e-08,0.33143037,2.8332405,1,1,0.38299999,0.38299999,0.5,0
0.33066218,8.811035e-08,8.811035e-08,0.33142793,2.8341466,1,1,0.384,0.384,0.5,0
0.33066634,8.7392127e-08,8.7392127e-08,0.33142549,2.8350528,1,1,0.38499999,0.38499999,0.5,0
0.3306705,8.6673883e-08,8.6673883e-08,0.33142306,2.8359589,1,1,0.38600001,0.38600001,0.5,0
0.33067466,8.595566e-08,8.595566e-08,0.33142062,2.8368651,1,1,0.38699999,0.38699999,0.5,0
0.33067883,8.5237415e-08,8.5237415e-08,0.33141818,2.8377712,1,1,0.38800001,0.38800001,0.5,0
0.33068299,8.4519192e-08,8.4519192e-08,0.33141574,2.8386774,1,1,0.389,0.389,0.5,0
0.33068715,8.3800969e-08,8.3800969e-08,0.3314133,2.8395835,1,1,0.38999999,0.38999999,0.5,0
0.33069131,8.3082725e-08,8.3082725e-08,0.33141086,2.8404897,1,1,0.391,0.391,0.5,0
0.33069548,8.2364502e-08,8.2364502e-08,0.33140842,2.8413958,1,1,0.39199999,0.39199999,0.5,0
0.33069964,8.1646257e-08,8.1646257e-08,0.33140598,2.842302,1,1,0.39300001,0.39300001,0.5,0
0.3307038,8.0928034e-08,8.0928034e-08,0.33140354,2.8432082,1,1,0.39399999,0.39399999,0.5,0
0.33070796,8.020979e-08,8.020979e-08,0.3314011,2.8441143,1,1,0.39500001,0.39500001,0.5,0
0.33071212,7.9491567e-08,7.9491567e-08,0.33139866,2.8450205,1,1,0.396,0.396,0.5,0
0.33071629,7.8773323e-08,7.8773323e-08,0.33139623,2.8459266,1,1,0.39700001,0.39700001,0.5,0
0.33072045,7.80551e-08,7.80551e-08,0.33139379,2.8468328,1,1,0.398,0.398,0.5,0
0.33072461,7.7336877e-08,7.7336877e-08,0.33139135,2.8477389,1,1,0.39899999,0.39899999,0.5,0
0.33072877,7.6618632e-08,7.6618632e-08,0.33138891,2.8486451,1,1,0.40000001,0.40000001,0.5,0
0.33073294,7.5900409e-08,7.5900409e-08,0.33138647,2.8495512,1,1,0.40099999,0.40099999,0.5,0
0.3307371,7.5182165e-08,7.5182165e-08,0.33138403,2.8504574,1,1,0.40200001,0.40200001,0.5,0
0.33074126,7.4463942e-08,7.4463942e-08,0.33138159,2.8513635,1,1,0.403,0.403,0.5,0
0.33074542,7.3745698e-08,7.3745698e-08,0.33137915,2.8522697,1,1,0.40400001,0.40400001,0.5,0
0.33074959,7.3027475e-08,7.3027475e-08,0.33137671,2.8531759,1,1,0.405,0.405,0.5,0
0.33075375,7.2309252e-08,7.2309252e-08,0.33137427,2.854082,1,1,0.40599999,0.40599999,0.5,0
0.33075791,7.1591007e-08,7.1591007e-08,0.33137184,2.8549882,1,1,0.40700001,0.40700001,0.5,0
0.33076207,7.0872784e-08,7.0872784e-08,0.3313694,2.8558943,1,1,0.40799999,0.40799999,0.5,0
0.33076623,7.015454e-08,7.015454e-08,0.33136696,2.8568005,1,1,0.40900001,0.40900001,0.5,0
0.3307704,6.9436317e-08,6.9436317e-08,0.33136452,2.8577066,1,1,0.41,0.41,0.5,0
0.33077456,6.8718072e-08,6.8718072e-08,0.33136208,2.8586128,1,1,0.41100001,0.41100001,0.5,0
0.33077872,6.7999849e-08,6.7999849e-08,0.33135964,2.8595189,1,1,0.412,0.412,0.5,0
0.33078288,6.7281626e-08,6.7281626e-08,0.3313572,2.8604251,1,1,0.41299999,0.41299999,0.5,0
0.33078705,6.6563382e-08,6.6563382e-08,0.33135476,2.8613313,1,1,0.414,0.414,0.5,0
0.33079121,6.5845159e-08,6.5845159e-08,0.33135232,2.8622374,1,1,0.41499999,0.41499999,0.5,0
0.33079537,6.5126915e-08,6.5126915e-08,0.33134988,2.8631436,1,1,0.41600001,0.41600001,0.5,0
0.33079953,6.4408692e-08,6.4408692e-08,0.33134744,2.8640497,1,1,0.417,0.417,0.5,0
0.3308037,6.3690447e-08,6.3690447e-08,0.33134501,2.8649559,1,1,0.41800001,0.41800001,0.5,0
0.33080786,6.2972224e-08,6.2972224e-08,0.33134257,2.865862,1,1,0.419,0.419,0.5,0
0.33081202,6.2254001e-08,6.2254001e-08,0.33134013,2.8667682,1,1,0.41999999,0.41999999,0.5,0
0.33081618,6.1535757e-08,6.1535757e-08,0.33133769,2.8676743,1,1,0.421,0.421,0.5,0
0.33082034,6.0817534e-08,6.0817534e-08,0.33133525,2.8685805,1,1,0.42199999,0.42199999,0.5,0
0.33082451,6.009929e-08,6.009929e-08,0.33133281,2.8694866,1,1,0.42300001,0.42300001,0.5,0
0.33082867,5.9381067e-08,5.9381067e-08,0.33133037,2.8703928,1,1,0.42399999,0.42399999,0.5,0
0.33083283,5.8662822e-08,5.8662822e-08,0.33132793,2.871299,1,1,0.42500001,0.42500001,0.5,0
0.33083699,5.7944599e-08,5.7944599e-08,0.33132549,2.8722051,1,1,0.426,0.426,0.5,0
0.33084116,5.7226376e-08,5.7226376e-08,0.33132305,2.8731112,1,1,0.42699999,0.42699999,0.5,0
0.33084532,5.6508132e-08,5.6508132e-08,0.33132062,2.8740174,1,1,0.428,0.428,0.5,0
0.33084948,5.5789909e-08,5.5789909e-08,0.33131818,2.8749236,1,1,0.42899999,0.42899999,0.5,0
0.33085364,5.5071664e-08,5.5071664e-08,0.33131574,2.8758297,1,1,0.43000001,0.43000001,0.5,0
0.33085781,5.4353441e-08,5.4353441e-08,0.3313133,2.8767359,1,1,0.43099999,0.43099999,0.5,0
0.33086197,5.3635197e-08,5.3635197e-08,0.33131086,2.877642,1,1,0.43200001,0.43200001,0.5,0
0.33086613,5.2916974e-08,5.2916974e-08,0.33130842,2.8785482,1,1,0.433,0.433,0.5,0
0.33087029,5.2198751e-08,5.2198751e-08,0.33130598,2.8794543,1,1,0.43399999,0.43399999,0.5,0
0.33087445,5.1480507e-08,5.1480507e-08,0.33130354,2.8803605,1,1,0.435,0.435,0.5,0
0.33087862,5.0762284e-08,5.0762284e-08,0.3313011,2.8812666,1,1,0.43599999,0.43599999,0.5,0
0.33088278,5.0044039e-08,5.0044039e-08,0.33129866,2.8821728,1,1,0.43700001,0.43700001,0.5,0
0.33088694,4.9325816e-08,4.9325816e-08,0.33129622,2.8830789,1,1,0.43799999,0.43799999,0.5,0
0.3308911,4.8607572e-08,4.8607572e-08,0.33129379,2.8839851,1,1,0.43900001,0.43900001,0.5,0
0.33089527,4.7889349e-08,4.7889349e-08,0.33129135,2.8848913,1,1,0.44,0.44,0.5,0
0.33089943,4.7171105e-08,4.7171105e-08,0.33128891,2.8857974,1,1,0.44100001,0.44100001,0.5,0
0.33090359,4.6452882e-08,4.6452882e-08,0.33128647,2.8867036,1,1,0.442,0.442,0.5,0
0.33090775,4.5734659e-08,4.5734659e-08,0.33128403,2.8876097,1,1,0.44299999,0.44299999,0.5,0
0.33091192,4.5016414e-08,4.5016414e-08,0.33128159,2.8885159,1,1,0.44400001,0.44400001,0.5,0
0.33091608,4.4298191e-08,4.4298191e-08,0.33127915,2.889422,1,1,0.44499999,0.44499999,0.5,0
0.33092024,4.3579947e-08,4.3579947e-08,0.33127671,2.8903282,1,1,0.44600001,0.44600001,0.5,0
0.3309244,4.2861724e-08,4.2861724e-08,0.33127427,2.8912343,1,1,0.447,0.447,0.5,0
0.33092856,4.2143479e-08,4.2143479e-08,0.33127183,2.8921405,1,1,0.44800001,0.44800001,0.5,0
0.33093273,4.1425257e-08,4.1425257e-08,0.3312694,2.8930466,1,1,0.449,0.449,0.5,0
0.33093689,4.0707034e-08,4.0707034e-08,0.33126696,2.8939528,1,1,0.44999999,0.44999999,0.5,0
0.33094105,3.9988789e-08,3.9988789e-08,0.33126452,2.894859,1,1,0.45100001,0.45100001,0.5,0
0.33094521,3.9270566e-08,3.9270566e-08,0.33126208,2.8957651,1,1,0.45199999,0.45199999,0.5,0
0.33094938,3.8552322e-08,3.8552322e-08,0.33125964,2.8966713,1,1,0.45300001,0.45300001,0.5,0
0.33095354,3.7834099e-08,3.7834099e-08,0.3312572,2.8975774,1,1,0.454,0.454,0.5,0
0.3309577,3.7115854e-08,3.7115854e-08,0.33125476,2.8984836,1,1,0.45500001,0.45500001,0.5,0
0.33096186,3.6397631e-08,3.6397631e-08,0.33125232,2.8993897,1,1,0.456,0.456,0.5,0
0.33096603,3.5679408e-08,3.5679408e-08,0.33124988,2.9002959,1,1,0.45699999,0.45699999,0.5,0
0.33097019,3.4961164e-08,3.4961164e-08,0.33124744,2.901202,1,1,0.458,0.458,0.5,0
0.33097435,3.4242941e-08,3.4242941e-08,0.331245,2.9021082,1,1,0.45899999,0.45899999,0.5,0
0.33097851,3.3524697e-08,3.3524697e-08,0.33124257,2.9030144,1,1,0.46000001,0.46000001,0.5,0
0.33098267,3.2806474e-08,3.2806474e-08,0.33124013,2.9039205,1,1,0.461,0.461,0.5,0
0.33098684,3.2088229e-08,3.2088229e-08,0.33123769,2.9048267,1,1,0.46200001,0.46200001,0.5,0
0.330991,3.1370006e-08,3.1370006e-08,0.33123525,2.9057328,1,1,0.463,0.463,0.5,0
0.33099516,3.0651783e-08,3.0651783e-08,0.33123281,2.9066389,1,1,0.46399999,0.46399999,0.5,0
0.33099932,2.9933539e-08,2.9933539e-08,0.33123037,2.9075451,1,1,0.465,0.465,0.5,0
0.33100349,2.9215316e-08,2.9215316e-08,0.33122793,2.9084513,1,1,0.46599999,0.46599999,0.5,0
0.33100765,2.8497072e-08,2.8497072e-08,0.33122549,2.9093574,1,1,0.46700001,0.46700001,0.5,0
0.33101181,2.7778849e-08,2.7778849e-08,0.33122305,2.9102636,1,1,0.46799999,0.46799999,0.5,0
0.33101597,2.7060604e-08,2.7060604e-08,0.33122061,2.9111697,1,1,0.46900001,0.46900001,0.5,0
0.33102014,2.6342381e-08,2.6342381e-08,0.33121818,2.9120759,1,1,0.47,0.47,0.5,0
0.3310243,2.5624158e-08,2.5624158e-08,0.33121574,2.912982,1,1,0.47099999,0.47099999,0.5,0
0.33102846,2.4905914e-08,2.4905914e-08,0.3312133,2.9138882,1,1,0.472,0.472,0.5,0
0.33103262,2.4187691e-08,2.4187691e-08,0.33121086,2.9147943,1,1,0.47299999,0.47299999,0.5,0
0.33103678,2.3469446e-08,2.3469446e-08,0.33120842,2.9157005,1,1,0.47400001,0.47400001,0.5,0
0.33104095,2.2751223e-08,2.2751223e-08,0.33120598,2.9166067,1,1,0.47499999,0.47499999,0.5,0
0.33104511,2.2032979e-08,2.2032979e-08,0.33120354,2.9175128,1,1,0.47600001,0.47600001,0.5,0
0.33104927,2.1314756e-08,2.1314756e-08,0.3312011,2.918419,1,1,0.477,0.477,0.5,0
0.33105343,2.0596533e-08,2.0596533e-08,0.33119866,2.9193251,1,1,0.47799999,0.47799999,0.5,0
0.3310576,1.9878289e-08,1.9878289e-08,0.33119622,2.9202313,1,1,0.479,0.479,0.5,0
0.33106176,1.9160066e-08,1.9160066e-08,0.33119378,2.9211374,1,1,0.47999999,0.47999999,0.5,0
0.33106592,1.8441821e-08,1.8441821e-08,0.33119135,2.9220436,1,1,0.48100001,0.48100001,0.5,0
0.33107008,1.7723598e-08,1.7723598e-08,0.33118891,2.9229497,1,1,0.48199999,0.48199999,0.5,0
0.33107424,1.7005354e-08,1.7005354e-08,0.33118647,2.9238559,1,1,0.48300001,0.48300001,0.5,0
0.33107841,1.6287131e-08,1.6287131e-08,0.33118403,2.924762,1,1,0.484,0.484,0.5,0
0.33108257,1.5568887e-08,1.5568887e-08,0.33118159,2.9256682,1,1,0.48500001,0.48500001,0.5,0
0.33108673,1.4850664e-08,1.4850664e-08,0.33117915,2.9265744,1,1,0.486,0.486,0.5,0
0.33109089,1.4132441e-08,1.4132441e-08,0.33117671,2.9274805,1,1,0.48699999,0.48699999,0.5,0
0.33109506,1.3414196e-08,1.3414196e-08,0.33117427,2.9283867,1,1,0.48800001,0.48800001,0.5,0
0.33109922,1.2695973e-08,1.2695973e-08,0.33117183,2.9292928,1,1,0.48899999,0.48899999,0.5,0
0.33110338,1.1977729e-08,1.1977729e-08,0.33116939,2.930199,1,1,0.49000001,0.49000001,0.5,0
0.33110754,1.1259506e-08,1.1259506e-08,0.33116696,2.9311051,1,1,0.491,0.491,0.5,0
0.33111171,1.0541261e-08,1.0541261e-08,0.33116452,2.9320113,1,1,0.49200001,0.49200001,0.5,0
0.33111587,9.8230384e-09,9.8230384e-09,0.33116208,2.9329174,1,1,0.493,0.493,0.5,0
0.33112003,9.1048154e-09,9.1048154e-09,0.33115964,2.9338236,1,1,0.49399999,0.49399999,0.5,0
0.33112419,8.3865711e-09,8.386571e-09,0.3311572,2.9347297,1,1,0.495,0.495,0.5,0
0.33112835,7.6683481e-09,7.6683481e-09,0.33115476,2.9356359,1,1,0.49599999,0.49599999,0.5,0
0.33113252,6.9501037e-09,6.9501037e-09,0.33115232,2.9365421,1,1,0.49700001,0.49700001,0.5,0
0.33113668,6.2318807e-09,6.2318807e-09,0.33114988,2.9374482,1,1,0.498,0.498,0.5,0
0.33114084,5.5136363e-09,5.5136363e-09,0.33114744,2.9383544,1,1,0.49900001,0.49900001,0.5,0
0.331145,4.7954133e-09,4.7954133e-09,0.331145,2.9392605,1,1,0.5,0.5,0.5,0
0.33114084,-5.5142398e-09,-5.5142398e-09,0.33114744,2.9383544,1,1,0.50099999,0.50099999,0.5,0
0.33113668,-6.2324582e-09,-6.2324582e-09,0.33114988,2.9374482,1,1,0.50199997,0.50199997,0.5,0
0.33113252,-6.9507195e-09,-6.9507195e-09,0.33115232,2.936542,1,1,0.50300002,0.50300002,0.5,0
0.33112835,-7.6689379e-09,-7.6689379e-09,0.33115476,2.9356359,1,1,0.50400001,0.50400001,0.5,0
0.33112419,-8.3871563e-09,-8.3871563e-09,0.3311572,2.9347297,1,1,0.505,0.505,0.5,0
0.33112003,-9.1053748e-09,-9.1053748e-09,0.33115964,2.9338236,1,1,0.50599998,0.50599998,0.5,0
0.33111587,-9.823636e-09,-9.823636e-09,0.33116208,2.9329174,1,1,0.50700003,0.50700003,0.5,0
0.33111171,-1.0541854e-08,-1.0541854e-08,0.33116452,2.9320113,1,1,0.50800002,0.50800002,0.5,0
0.33110754,-1.1260073e-08,-1.1260073e-08,0.33116696,2.9311051,1,1,0.509,0.509,0.5,0
0.33110338,-1.1978291e-08,-1.1978291e-08,0.33116939,2.930199,1,1,0.50999999,0.50999999,0.5,0
0.33109922,-1.269651e-08,-1.269651e-08,0.33117183,2.9292928,1,1,0.51099998,0.51099998,0.5,0
0.33109506,-1.3414771e-08,-1.3414771e-08,0.33117427,2.9283866,1,1,0.51200002,0.51200002,0.5,0
0.33109089,-1.4132989e-08,-1.4132989e-08,0.33117671,2.9274805,1,1,0.51300001,0.51300001,0.5,0
0.33108673,-1.4851208e-08,-1.4851208e-08,0.33117915,2.9265744,1,1,0.514,0.514,0.5,0
0.33108257,-1.5569426e-08,-1.5569426e-08,0.33118159,2.9256682,1,1,0.51499999,0.51499999,0.5,0
0.33107841,-1.6287645e-08,-1.6287645e-08,0.33118403,2.9247621,1,1,0.51599997,0.51599997,0.5,0
0.33107424,-1.7005906e-08,-1.7005906e-08,0.33118647,2.9238559,1,1,0.51700002,0.51700002,0.5,0
0.33107008,-1.7724124e-08,-1.7724124e-08,0.33118891,2.9229497,1,1,0.51800001,0.51800001,0.5,0
0.33106592,-1.8442343e-08,-1.8442343e-08,0.33119135,2.9220436,1,1,0.51899999,0.51899999,0.5,0
0.33106176,-1.9160561e-08,-1.9160561e-08,0.33119378,2.9211374,1,1,0.51999998,0.51999998,0.5,0
0.3310576,-1.9878822e-08,-1.9878822e-08,0.33119622,2.9202312,1,1,0.52100003,0.52100003,0.5,0
0.33105343,-2.0597041e-08,-2.0597041e-08,0.33119866,2.9193251,1,1,0.52200001,0.52200001,0.5,0
0.33104927,-2.1315259e-08,-2.1315259e-08,0.3312011,2.918419,1,1,0.523,0.523,0.5,0
0.33104511,-2.2033478e-08,-2.2033478e-08,0.33120354,2.9175128,1,1,0.52399999,0.52399999,0.5,0
0.33104095,-2.2751696e-08,-2.2751696e-08,0.33120598,2.9166067,1,1,0.52499998,0.52499998,0.5,0
0.33103678,-2.3469957e-08,-2.3469957e-08,0.33120842,2.9157005,1,1,0.52600002,0.52600002,0.5,0
0.33103262,-2.4188176e-08,-2.4188176e-08,0.33121086,2.9147943,1,1,0.52700001,0.52700001,0.5,0
0.33102846,-2.4906394e-08,-2.4906394e-08,0.3312133,2.9138882,1,1,0.528,0.528,0.5,0
0.3310243,-2.5624613e-08,-2.5624613e-08,0.33121574,2.9129821,1,1,0.52899998,0.52899998,0.5,0
0.33102014,-2.6342831e-08,-2.6342831e-08,0.33121818,2.9120759,1,1,0.52999997,0.52999997,0.5,0
0.33101597,-2.7061092e-08,-2.7061092e-08,0.33122061,2.9111697,1,1,0.53100002,0.53100002,0.5,0
0.33101181,-2.7779311e-08,-2.7779311e-08,0.33122305,2.9102636,1,1,0.53200001,0.53200001,0.5,0
0.33100765,-2.8497529e-08,-2.8497529e-08,0.33122549,2.9093574,1,1,0.53299999,0.53299999,0.5,0
0.33100349,-2.9215748e-08,-2.9215748e-08,0.33122793,2.9084513,1,1,0.53399998,0.53399998,0.5,0
0.33099932,-2.9934009e-08,-2.9934009e-08,0.33123037,2.9075451,1,1,0.53500003,0.53500003,0.5,0
0.33099516,-3.0652227e-08,-3.0652227e-08,0.33123281,2.9066389,1,1,0.53600001,0.53600001,0.5,0
0.330991,-3.1370446e-08,-3.1370446e-08,0.33123525,2.9057328,1,1,0.537,0.537,0.5,0
0.33098684,-3.2088664e-08,-3.2088664e-08,0.33123769,2.9048267,1,1,0.53799999,0.53799999,0.5,0
0.33098267,-3.2806883e-08,-3.2806883e-08,0.33124013,2.9039205,1,1,0.53899997,0.53899997,0.5,0
0.33097851,-3.3525144e-08,-3.3525144e-08,0.33124257,2.9030143,1,1,0.54000002,0.54000002,0.5,0
0.33097435,-3.4243362e-08,-3.4243362e-08,0.331245,2.9021082,1,1,0.54100001,0.54100001,0.5,0
0.33097019,-3.4961581e-08,-3.4961581e-08,0.33124744,2.901202,1,1,0.542,0.542,0.5,0
0.33096603,-3.5679799e-08,-3.5679799e-08,0.33124988,2.9002959,1,1,0.54299998,0.54299998,0.5,0
0.33096186,-3.639806e-08,-3.639806e-08,0.33125232,2.8993897,1,1,0.54400003,0.54400003,0.5,0
0.3309577,-3.7116279e-08,-3.7116279e-08,0.33125476,2.8984836,1,1,0.54500002,0.54500002,0.5,0
0.33095354,-3.7834497e-08,-3.7834497e-08,0.3312572,2.8975774,1,1,0.546,0.546,0.5,0
0.33094938,-3.8552716e-08,-3.8552716e-08,0.33125964,2.8966713,1,1,0.54699999,0.54699999,0.5,0
0.33094521,-3.9270934e-08,-3.9270934e-08,0.33126208,2.8957651,1,1,0.54799998,0.54799998,0.5,0
0.33094105,-3.9989195e-08,-3.9989195e-08,0.33126452,2.8948589,1,1,0.54900002,0.54900002,0.5,0
0.33093689,-4.0707414e-08,-4.0707414e-08,0.33126696,2.8939528,1,1,0.55000001,0.55000001,0.5,0
0.33093273,-4.1425632e-08,-4.1425632e-08,0.3312694,2.8930466,1,1,0.551,0.551,0.5,0
0.33092856,-4.2143851e-08,-4.2143851e-08,0.33127183,2.8921405,1,1,0.55199999,0.55199999,0.5,0
0.3309244,-4.2862069e-08,-4.2862069e-08,0.33127427,2.8912344,1,1,0.55299997,0.55299997,0.5,0
0.33092024,-4.358033e-08,-4.358033e-08,0.33127671,2.8903282,1,1,0.55400002,0.55400002,0.5,0
0.33091608,-4.4298549e-08,-4.4298549e-08,0.33127915,2.889422,1,1,0.55500001,0.55500001,0.5,0
0.33091192,-4.5016767e-08,-4.5016767e-08,0.33128159,2.8885159,1,1,0.55599999,0.55599999,0.5,0
0.33090775,-4.5734986e-08,-4.5734986e-08,0.33128403,2.8876097,1,1,0.55699998,0.55699998,0.5,0
0.33090359,-4.6453247e-08,-4.6453247e-08,0.33128647,2.8867035,1,1,0.55800003,0.55800003,0.5,0
0.33089943,-4.7171465e-08,-4.7171465e-08,0.33128891,2.8857974,1,1,0.55900002,0.55900002,0.5,0
0.33089527,-4.7889684e-08,-4.7889684e-08,0.33129135,2.8848913,1,1,0.56,0.56,0.5,0
0.3308911,-4.8607902e-08,-4.8607902e-08,0.33129379,2.8839851,1,1,0.56099999,0.56099999,0.5,0
0.33088694,-4.9326121e-08,-4.9326121e-08,0.33129622,2.883079,1,1,0.56199998,0.56199998,0.5,0
0.33088278,5.0044202e-08,5.0044202e-08,0.33129866,2.8821728,1,1,0.56300002,0.56300002,0.5,0
0.33087862,5.0762424e-08,5.0762424e-08,0.3313011,2.8812666,1,1,0.56400001,0.56400001,0.5,0
0.33087445,5.1480647e-08,5.1480647e-08,0.33130354,2.8803605,1,1,0.565,0.565,0.5,0
0.33087029,5.2198869e-08,5.2198869e-08,0.33130598,2.8794543,1,1,0.56599998,0.56599998,0.5,0
0.33086613,5.2917091e-08,5.2917091e-08,0.33130842,2.8785482,1,1,0.56699997,0.56699997,0.5,0
0.33086197,5.3635356e-08,5.3635356e-08,0.33131086,2.877642,1,1,0.56800002,0.56800002,0.5,0
0.33085781,5.4353578e-08,5.4353578e-08,0.3313133,2.8767359,1,1,0.56900001,0.56900001,0.5,0
0.33085364,5.50718e-08,5.50718e-08,0.33131574,2.8758297,1,1,0.56999999,0.56999999,0.5,0
0.33084948,5.5790022e-08,5.5790022e-08,0.33131818,2.8749236,1,1,0.57099998,0.57099998,0.5,0
0.33084532,5.6508287e-08,5.6508287e-08,0.33132062,2.8740174,1,1,0.57200003,0.57200003,0.5,0
0.33084116,5.7226509e-08,5.7226509e-08,0.33132305,2.8731112,1,1,0.57300001,0.57300001,0.5,0
0.33083699,5.7944731e-08,5.7944731e-08,0.33132549,2.8722051,1,1,0.574,0.574,0.5,0
0.33083283,5.8662953e-08,5.8662953e-08,0.33132793,2.871299,1,1,0.57499999,0.57499999,0.5,0
0.33082867,5.9381175e-08,5.9381175e-08,0.33133037,2.8703928,1,1,0.57599998,0.57599998,0.5,0
0.33082451,6.009944e-08,6.009944e-08,0.33133281,2.8694866,1,1,0.57700002,0.57700002,0.5,0
0.33082034,6.0817662e-08,6.0817662e-08,0.33133525,2.8685805,1,1,0.57800001,0.57800001,0.5,0
0.33081618,6.1535884e-08,6.1535884e-08,0.33133769,2.8676743,1,1,0.579,0.579,0.5,0
0.33081202,6.2254107e-08,6.2254107e-08,0.33134013,2.8667682,1,1,0.57999998,0.57999998,0.5,0
0.33080786,6.2972329e-08,6.2972329e-08,0.33134257,2.865862,1,1,0.58099997,0.58099997,0.5,0
0.3308037,6.3690594e-08,6.3690594e-08,0.33134501,2.8649558,1,1,0.58200002,0.58200002,0.5,0
0.33079953,6.4408816e-08,6.4408816e-08,0.33134744,2.8640497,1,1,0.583,0.583,0.5,0
0.33079537,6.5127038e-08,6.5127038e-08,0.33134988,2.8631436,1,1,0.58399999,0.58399999,0.5,0
0.33079121,6.584526e-08,6.584526e-08,0.33135232,2.8622374,1,1,0.58499998,0.58499998,0.5,0
0.33078705,6.6563525e-08,6.6563525e-08,0.33135476,2.8613312,1,1,0.58600003,0.58600003,0.5,0
0.33078288,6.7281747e-08,6.7281747e-08,0.3313572,2.8604251,1,1,0.58700001,0.58700001,0.5,0
0.33077872,6.7999969e-08,6.7999969e-08,0.33135964,2.8595189,1,1,0.588,0.588,0.5,0
0.33077456,6.8718191e-08,6.8718191e-08,0.33136208,2.8586128,1,1,0.58899999,0.58899999,0.5,0
0.3307704,6.9436413e-08,6.9436413e-08,0.33136452,2.8577067,1,1,0.58999997,0.58999997,0.5,0
0.33076623,7.0154678e-08,7.0154678e-08,0.33136696,2.8568005,1,1,0.59100002,0.59100002,0.5,0
0.33076207,7.08729e-08,7.08729e-08,0.3313694,2.8558943,1,1,0.59200001,0.59200001,0.5,0
0.33075791,7.1591122e-08,7.1591122e-08,0.33137184,2.8549882,1,1,0.59299999,0.59299999,0.5,0
0.33075375,7.2309344e-08,7.2309344e-08,0.33137427,2.854082,1,1,0.59399998,0.59399998,0.5,0
0.33074959,7.3027609e-08,7.3027609e-08,0.33137671,2.8531758,1,1,0.59500003,0.59500003,0.5,0
0.33074542,7.3745831e-08,7.3745831e-08,0.33137915,2.8522697,1,1,0.59600002,0.59600002,0.5,0
0.33074126,7.4464053e-08,7.4464053e-08,0.33138159,2.8513635,1,1,0.597,0.597,0.5,0
0.3307371,7.5182276e-08,7.5182276e-08,0.33138403,2.8504574,1,1,0.59799999,0.59799999,0.5,0
0.33073294,7.5900498e-08,7.5900498e-08,0.33138647,2.8495513,1,1,0.59899998,0.59899998,0.5,0
0.33072877,7.6618763e-08,7.6618763e-08,0.33138891,2.8486451,1,1,0.60000002,0.60000002,0.5,0
0.33072461,7.7336985e-08,7.7336985e-08,0.33139135,2.8477389,1,1,0.60100001,0.60100001,0.5,0
0.33072045,7.8055207e-08,7.8055207e-08,0.33139379,2.8468328,1,1,0.602,0.602,0.5,0
0.33071629,7.8773429e-08,7.8773429e-08,0.33139623,2.8459266,1,1,0.60299999,0.60299999,0.5,0
0.33071212,7.9491651e-08,7.9491651e-08,0.33139866,2.8450205,1,1,0.60399997,0.60399997,0.5,0
0.33070796,8.0209916e-08,8.0209916e-08,0.3314011,2.8441143,1,1,0.60500002,0.60500002,0.5,0
0.3307038,8.0928138e-08,8.0928138e-08,0.33140354,2.8432082,1,1,0.60600001,0.60600001,0.5,0
0.33069964,8.164636e-08,8.164636e-08,0.33140598,2.842302,1,1,0.60699999,0.60699999,0.5,0
0.33069548,8.2364582e-08,8.2364582e-08,0.33140842,2.8413959,1,1,0.60799998,0.60799998,0.5,0
0.33069131,8.3082847e-08,8.3082847e-08,0.33141086,2.8404897,1,1,0.60900003,0.60900003,0.5,0
0.33068715,8.3801069e-08,8.3801069e-08,0.3314133,2.8395835,1,1,0.61000001,0.61000001,0.5,0
0.33068299,8.4519291e-08,8.4519291e-08,0.33141574,2.8386774,1,1,0.611,0.611,0.5,0
0.33067883,8.5237513e-08,8.5237513e-08,0.33141818,2.8377712,1,1,0.61199999,0.61199999,0.5,0
0.33067466,8.5955735e-08,8.5955735e-08,0.33142062,2.8368651,1,1,0.61299998,0.61299998,0.5,0
0.3306705,8.6674e-08,8.6674e-08,0.33142306,2.8359589,1,1,0.61400002,0.61400002,0.5,0
0.33066634,8.7392222e-08,8.7392222e-08,0.33142549,2.8350528,1,1,0.61500001,0.61500001,0.5,0
0.33066218,8.8110445e-08,8.8110445e-08,0.33142793,2.8341466,1,1,0.616,0.616,0.5,0
0.33065802,8.8828667e-08,8.8828667e-08,0.33143037,2.8332405,1,1,0.61699998,0.61699998,0.5,0
0.33065385,8.9546889e-08,8.9546889e-08,0.33143281,2.8323343,1,1,0.61799997,0.61799997,0.5,0
0.33064969,9.0265154e-08,9.0265154e-08,0.33143525,2.8314281,1,1,0.61900002,0.61900002,0.5,0
0.33064553,9.0983376e-08,9.0983376e-08,0.33143769,2.830522,1,1,0.62,0.62,0.5,0
0.33064137,9.1701598e-08,9.1701598e-08,0.33144013,2.8296159,1,1,0.62099999,0.62099999,0.5,0
0.3306372,9.241982e-08,9.241982e-08,0.33144257,2.8287097,1,1,0.62199998,0.62199998,0.5,0
0.33063304,9.3138085e-08,9.3138085e-08,0.33144501,2.8278035,1,1,0.62300003,0.62300003,0.5,0
0.33062888,9.3856307e-08,9.3856307e-08,0.33144745,2.8268974,1,1,0.62400001,0.62400001,0.5,0
0.33062472,9.4574529e-08,9.4574529e-08,0.33144988,2.8259912,1,1,0.625,0.625,0.5,0
0.33060707,8.9862251e-08,8.9862251e-08,0.33145954,2.8225816,1,1,0.62599999,0.62599999,0.5,0
0.33059286,9.2828779e-08,9.2828779e-08,0.33146776,2.819721,1,1,0.62699997,0.62699997,0.5,0
0.33057865,9.5795485e-08,9.5795485e-08,0.33147599,2.8168602,1,1,0.62800002,0.62800002,0.5,0
0.33056444,9.8762013e-08,9.8762013e-08,0.33148421,2.8139995,1,1,0.62900001,0.62900001,0.5,0
0.33055023,1.0172854e-07,1.0172854e-07,0.33149244,2.8111389,1,1,0.63,0.63,0.5,0
0.33053602,1.0469507e-07,1.0469507e-07,0.33150067,2.8082783,1,1,0.63099998,0.63099998,0.5,0
0.33052181,1.0766178e-07,1.0766178e-07,0.33150889,2.8054175,1,1,0.63200003,0.63200003,0.5,0
0.3305076,1.106283e-07,1.106283e-07,0.33151712,2.8025568,1,1,0.63300002,0.63300002,0.5,0
0.33049339,1.1359483e-07,1.1359483e-07,0.33152534,2.7996962,1,1,0.634,0.634,0.5,0
0.33047918,1.1656136e-07,1.1656136e-07,0.33153357,2.7968356,1,1,0.63499999,0.63499999,0.5,0
0.33046497,1.1952789e-07,1.1952789e-07,0.3315418,2.7939749,1,1,0.63599998,0.63599998,0.5,0
0.33045075,1.224946e-07,1.224946e-07,0.33155002,2.7911141,1,1,0.63700002,0.63700002,0.5,0
0.33043654,1.2546112e-07,1.2546112e-07,0.33155825,2.7882535,1,1,0.63800001,0.63800001,0.5,0
0.33042233,1.2842765e-07,1.2842765e-07,0.33156647,2.7853929,1,1,0.639,0.639,0.5,0
0.33040812,1.3139418e-07,1.3139418e-07,0.3315747,2.7825322,1,1,0.63999999,0.63999999,0.5,0
0.33039391,1.3436071e-07,1.3436071e-07,0.33158293,2.7796716,1,1,0.64099997,0.64099997,0.5,0
0.3303797,1.3732742e-07,1.3732742e-07,0.33159115,2.7768108,1,1,0.64200002,0.64200002,0.5,0
0.33036549,1.4029394e-07,1.4029394e-07,0.33159938,2.7739502,1,1,0.64300001,0.64300001,0.5,0
0.33035128,1.4326047e-07,1.4326047e-07,0.3316076,2.7710895,1,1,0.64399999,0.64399999,0.5,0
0.33033707,1.46227e-07,1.46227e-07,0.33161583,2.7682289,1,1,0.64499998,0.64499998,0.5,0
0.33032286,1.4919371e-07,1.4919371e-07,0.33162406,2.7653681,1,1,0.64600003,0.64600003,0.5,0
0.33030865,1.5216024e-07,1.5216024e-07,0.33163228,2.7625075,1,1,0.64700001,0.64700001,0.5,0
0.33029444,1.5512676e-07,1.5512676e-07,0.33164051,2.7596468,1,1,0.648,0.648,0.5,0
0.33028023,1.5809329e-07,1.5809329e-07,0.33164873,2.7567862,1,1,0.64899999,0.64899999,0.5,0
0.33026602,1.6105982e-07,1.6105982e-07,0.33165696,2.7539256,1,1,0.64999998,0.64999998,0.5,0
0.33025181,1.6402653e-07,1.6402653e-07,0.33166519,2.7510648,1,1,0.65100002,0.65100002,0.5,0
0.3302376,1.6699306e-07,1.6699306e-07,0.33167341,2.7482041,1,1,0.65200001,0.65200001,0.5,0
0.33022339,1.6995959e-07,1.6995959e-07,0.33168164,2.7453435,1,1,0.653,0.653,0.5,0
0.33020918,1.7292611e-07,1.7292611e-07,0.33168986,2.7424829,1,1,0.65399998,0.65399998,0.5,0
0.33019497,1.7589264e-07,1.7589264e-07,0.33169809,2.7396223,1,1,0.65499997,0.65499997,0.5,0
0.33018076,1.7885935e-07,1.7885935e-07,0.33170632,2.7367614,1,1,0.65600002,0.65600002,0.5,0
0.33016655,1.8182588e-07,1.8182588e-07,0.33171454,2.7339008,1,1,0.65700001,0.65700001,0.5,0
0.33015234,1.8479241e-07,1.8479241e-07,0.33172277,2.7310402,1,1,0.65799999,0.65799999,0.5,0
0.33013813,1.8775893e-07,1.8775893e-07,0.33173099,2.7281796,1,1,0.65899998,0.65899998,0.5,0
0.33012392,1.9072564e-07,1.9072564e-07,0.33173922,2.7253187,1,1,0.66000003,0.66000003,0.5,0
0.3301097,1.9369217e-07,1.9369217e-07,0.33174745,2.7224581,1,1,0.66100001,0.66100001,0.5,0
0.33009549,1.966587e-07,1.966587e-07,0.33175567,2.7195975,1,1,0.662,0.662,0.5,0
0.33008128,1.9962523e-07,1.9962523e-07,0.3317639,2.7167369,1,1,0.66299999,0.66299999,0.5,0
0.33006707,2.0259175e-07,2.0259175e-07,0.33177212,2.7138762,1,1,0.66399997,0.66399997,0.5,0
0.33005286,2.0555846e-07,2.0555846e-07,0.33178035,2.7110154,1,1,0.66500002,0.66500002,0.5,0
0.33003865,2.0852499e-07,2.0852499e-07,0.33178858,2.7081548,1,1,0.66600001,0.66600001,0.5,0
0.33002444,2.1149152e-07,2.1149152e-07,0.3317968,2.7052942,1,1,0.667,0.667,0.5,0
0.33001023,2.1445805e-07,2.1445805e-07,0.33180503,2.7024335,1,1,0.66799998,0.66799998,0.5,0
0.32999602,2.1742475e-07,2.1742475e-07,0.33181326,2.6995727,1,1,0.66900003,0.66900003,0.5,0
0.32998181,2.2039128e-07,2.2039128e-07,0.33182148,2.6967121,1,1,0.67000002,0.67000002,0.5,0
0.3299676,2.2335781e-07,2.2335781e-07,0.33182971,2.6938515,1,1,0.671,0.671,0.5,0
0.32995339,2.2632434e-07,2.2632434e-07,0.33183793,2.6909908,1,1,0.67199999,0.67199999,0.5,0
0.32993918,2.2929087e-07,2.2929087e-07,0.33184616,2.6881302,1,1,0.67299998,0.67299998,0.5,0
0.32992497,2.3225757e-07,2.3225757e-07,0.33185439,2.6852694,1,1,0.67400002,0.67400002,0.5,0
0.32991076,2.352241e-07,2.352241e-07,0.33186261,2.6824088,1,1,0.67500001,0.67500001,0.5,0
0.32989655,2.3819063e-07,2.3819063e-07,0.33187084,2.6795481,1,1,0.676,0.676,0.5,0
0.32988234,2.4115716e-07,2.4115716e-07,0.33187906,2.6766875,1,1,0.67699999,0.67699999,0.5,0
0.32986813,2.4412369e-07,2.4412369e-07,0.33188729,2.6738269,1,1,0.67799997,0.67799997,0.5,0
0.32985392,2.4709039e-07,2.4709039e-07,0.33189552,2.6709661,1,1,0.67900002,0.67900002,0.5,0
0.32983971,2.5005692e-07,2.5005692e-07,0.33190374,2.6681054,1,1,0.68000001,0.68000001,0.5,0
0.3298255,2.5302345e-07,2.5302345e-07,0.33191197,2.6652448,1,1,0.68099999,0.68099999,0.5,0
0.32981129,2.5598998e-07,2.5598998e-07,0.33192019,2.6623842,1,1,0.68199998,0.68199998,0.5,0
0.32979708,2.5895668e-07,2.5895668e-07,0.33192842,2.6595234,1,1,0.68300003,0.68300003,0.5,0
0.32978287,2.6192321e-07,2.6192321e-07,0.33193665,2.6566627,1,1,0.68400002,0.68400002,0.5,0
0.32976866,2.6488974e-07,2.6488974e-07,0.33194487,2.6538021,1,1,0.685,0.685,0.5,0
0.32975444,2.6785627e-07,2.6785627e-07,0.3319531,2.6509415,1,1,0.68599999,0.68599999,0.5,0
0.32974023,2.708228e-07,2.708228e-07,0.33196132,2.6480808,1,1,0.68699998,0.68699998,0.5,0
0.32972602,2.737895e-07,2.737895e-07,0.33196955,2.64522,1,1,0.68800002,0.68800002,0.5,0
0.32971181,2.7675603e-07,2.7675603e-07,0.33197778,2.6423594,1,1,0.68900001,0.68900001,0.5,0
0.3296976,2.7972256e-07,2.7972256e-07,0.331986,2.6394988,1,1,0.69,0.69,0.5,0
0.32968339,2.8268909e-07,2.8268909e-07,0.33199423,2.6366381,1,1,0.69099998,0.69099998,0.5,0
0.32966918,2.8565562e-07,2.8565562e-07,0.33200245,2.6337775,1,1,0.69199997,0.69199997,0.5,0
0.32965497,2.8862232e-07,2.8862232e-07,0.33201068,2.6309167,1,1,0.69300002,0.69300002,0.5,0
0.32964076,2.9158885e-07,2.9158885e-07,0.33201891,2.6280561,1,1,0.69400001,0.69400001,0.5,0
0.32962655,2.9455538e-07,2.9455538e-07,0.33202713,2.6251954,1,1,0.69499999,0.69499999,0.5,0
0.32961234,2.9752191e-07,2.9752191e-07,0.33203536,2.6223348,1,1,0.69599998,0.69599998,0.5,0
0.32959813,3.0048861e-07,3.0048861e-07,0.33204358,2.619474,1,1,0.69700003,0.69700003,0.5,0
0.32958392,3.0345514e-07,3.0345514e-07,0.33205181,2.6166134,1,1,0.69800001,0.69800001,0.5,0
0.32956971,3.0642167e-07,3.0642167e-07,0.33206004,2.6137527,1,1,0.699,0.699,0.5,0
0.3295555,3.093882e-07,3.093882e-07,0.33206826,2.6108921,1,1,0.69999999,0.69999999,0.5,0
0.32954129,3.1235473e-07,3.1235473e-07,0.33207649,2.6080315,1,1,0.70099998,0.70099998,0.5,0
0.32952708,3.1532143e-07,3.1532143e-07,0.33208471,2.6051707,1,1,0.70200002,0.70200002,0.5,0
0.32951287,3.1828796e-07,3.1828796e-07,0.33209294,2.60231,1,1,0.70300001,0.70300001,0.5,0
0.32949866,3.2125449e-07,3.2125449e-07,0.33210117,2.5994494,1,1,0.704,0.704,0.5,0
0.32948445,3.2422102e-07,3.2422102e-07,0.33210939,2.5965888,1,1,0.70499998,0.70499998,0.5,0
0.32947024,3.2718755e-07,3.2718755e-07,0.33211762,2.5937281,1,1,0.70599997,0.70599997,0.5,0
0.32945603,3.3015425e-07,3.3015425e-07,0.33212584,2.5908673,1,1,0.70700002,0.70700002,0.5,0
0.32944182,3.3312078e-07,3.3312078e-07,0.33213407,2.5880067,1,1,0.708,0.708,0.5,0
0.32942761,3.3608731e-07,3.3608731e-07,0.3321423,2.5851461,1,1,0.70899999,0.70899999,0.5,0
0.3294134,3.3905384e-07,3.3905384e-07,0.33215052,2.5822854,1,1,0.70999998,0.70999998,0.5,0
0.32939918,3.4202055e-07,3.4202055e-07,0.33215875,2.5794246,1,1,0.71100003,0.71100003,0.5,0
0.32938497,3.4498707e-07,3.4498707e-07,0.33216697,2.576564,1,1,0.71200001,0.71200001,0.5,0
0.32937076,3.479536e-07,3.479536e-07,0.3321752,2.5737034,1,1,0.713,0.713,0.5,0
0.32935655,3.5092013e-07,3.5092013e-07,0.33218343,2.5708427,1,1,0.71399999,0.71399999,0.5,0
0.32934234,3.5388666e-07,3.5388666e-07,0.33219165,2.5679821,1,1,0.71499997,0.71499997,0.5,0
0.32932813,3.5685337e-07,3.5685337e-07,0.33219988,2.5651213,1,1,0.71600002,0.71600002,0.5,0
0.32931392,3.5981989e-07,3.5981989e-07,0.3322081,2.5622607,1,1,0.71700001,0.71700001,0.5,0
0.32929971,3.6278642e-07,3.6278642e-07,0.33221633,2.5594,1,1,0.71799999,0.71799999,0.5,0
0.3292855,3.6575295e-07,3.6575295e-07,0.33222456,2.5565394,1,1,0.71899998,0.71899998,0.5,0
0.32927129,3.6871966e-07,3.6871966e-07,0.33223278,2.5536786,1,1,0.72000003,0.72000003,0.5,0
0.32925708,3.7168619e-07,3.7168619e-07,0.33224101,2.550818,1,1,0.72100002,0.72100002,0.5,0
0.32924287,3.7465271e-07,3.7465271e-07,0.33224923,2.5479573,1,1,0.722,0.722,0.5,0
0.32922866,3.7761924e-07,3.7761924e-07,0.33225746,2.5450967,1,1,0.72299999,0.72299999,0.5,0
0.32921445,3.8058577e-07,3.8058577e-07,0.33226569,2.5422361,1,1,0.72399998,0.72399998,0.5,0
0.32920024,3.8355248e-07,3.8355248e-07,0.33227391,2.5393753,1,1,0.72500002,0.72500002,0.5,0
0.32918603,3.8651901e-07,3.8651901e-07,0.33228214,2.5365146,1,1,0.72600001,0.72600001,0.5,0
0.32917182,3.8948553e-07,3.8948553e-07,0.33229036,2.533654,1,1,0.727,0.727,0.5,0
0.32915761,3.9245206e-07,3.9245206e-07,0.33229859,2.5307934,1,1,0.72799999,0.72799999,0.5,0
0.3291434,3.9541859e-07,3.9541859e-07,0.33230682,2.5279327,1,1,0.72899997,0.72899997,0.5,0
0.32912919,3.983853e-07,3.983853e-07,0.33231504,2.5250719,1,1,0.73000002,0.73000002,0.5,0
0.32911498,4.0135183e-07,4.0135183e-07,0.33232327,2.5222113,1,1,0.73100001,0.73100001,0.5,0
0.32910077,4.0431835e-07,4.0431835e-07,0.33233149,2.5193507,1,1,0.73199999,0.73199999,0.5,0
0.32908656,4.0728488e-07,4.0728488e-07,0.33233972,2.51649,1,1,0.73299998,0.73299998,0.5,0
0.32907234,4.1025159e-07,4.1025159e-07,0.33234795,2.5136292,1,1,0.73400003,0.73400003,0.5,0
0.32905813,4.1321812e-07,4.1321812e-07,0.33235617,2.5107686,1,1,0.73500001,0.73500001,0.5,0
0.32904392,4.1618465e-07,4.1618465e-07,0.3323644,2.507908,1,1,0.736,0.736,0.5,0
0.32902971,4.1915117e-07,4.1915117e-07,0.33237262,2.5050473,1,1,0.73699999,0.73699999,0.5,0
0.3290155,4.221177e-07,4.221177e-07,0.33238085,2.5021867,1,1,0.73799998,0.73799998,0.5,0
0.32900129,4.2508441e-07,4.2508441e-07,0.33238908,2.4993259,1,1,0.73900002,0.73900002,0.5,0
0.32898708,4.2805094e-07,4.2805094e-07,0.3323973,2.4964653,1,1,0.74000001,0.74000001,0.5,0
0.32897287,4.3101747e-07,4.3101747e-07,0.33240553,2.4936046,1,1,0.741,0.741,0.5,0
0.32895866,4.3398399e-07,4.3398399e-07,0.33241376,2.490744,1,1,0.74199998,0.74199998,0.5,0
0.32894445,4.3695052e-07,4.3695052e-07,0.33242198,2.4878834,1,1,0.74299997,0.74299997,0.5,0
0.32893024,4.3991723e-07,4.3991723e-07,0.33243021,2.4850226,1,1,0.74400002,0.74400002,0.5,0
0.32891603,4.4288376e-07,4.4288376e-07,0.33243843,2.4821619,1,1,0.745,0.745,0.5,0
0.32890182,4.4585029e-07,4.4585029e-07,0.33244666,2.4793013,1,1,0.74599999,0.74599999,0.5,0
0.32888761,4.4881681e-07,4.4881681e-07,0.33245489,2.4764407,1,1,0.74699998,0.74699998,0.5,0
0.3288734,4.5178352e-07,4.5178352e-07,0.33246311,2.4735799,1,1,0.74800003,0.74800003,0.5,0
0.32885919,4.5475005e-07,4.5475005e-07,0.33247134,2.4707192,1,1,0.74900001,0.74900001,0.5,0
0.32884498,4.5771658e-07,4.5771658e-07,0.33247956,2.4678586,1,1,0.75,0.75,0.5,0
0.32882157,4.422795e-07,4.422795e-07,0.33249039,2.4613839,1,1,0.75099999,0.75099999,0.5,0
0.32879651,4.4625006e-07,4.4625006e-07,0.33250435,2.4560856,1,1,0.75199997,0.75199997,0.5,0
0.32877144,4.5022087e-07,4.5022087e-07,0.33251831,2.450787,1,1,0.75300002,0.75300002,0.5,0
0.32874638,4.5419143e-07,4.5419143e-07,0.33253228,2.4454888,1,1,0.75400001,0.75400001,0.5,0
0.32872131,4.58162e-07,4.58162e-07,0.33254624,2.4401905,1,1,0.755,0.755,0.5,0
0.32869625,4.6213257e-07,4.6213257e-07,0.3325602,2.4348923,1,1,0.75599998,0.75599998,0.5,0
0.32867119,4.6610337e-07,4.6610337e-07,0.33257417,2.4295937,1,1,0.75700003,0.75700003,0.5,0
0.32864612,4.7007394e-07,4.7007394e-07,0.33258813,2.4242954,1,1,0.75800002,0.75800002,0.5,0
0.32862106,4.7404451e-07,4.7404451e-07,0.33260209,2.4189972,1,1,0.759,0.759,0.5,0
0.32859599,4.7801507e-07,4.7801507e-07,0.33261605,2.4136989,1,1,0.75999999,0.75999999,0.5,0
0.32857093,4.8198564e-07,4.8198564e-07,0.33263002,2.4084007,1,1,0.76099998,0.76099998,0.5,0
0.32854586,4.8595644e-07,4.8595644e-07,0.33264398,2.4031021,1,1,0.76200002,0.76200002,0.5,0
0.3285208,4.8992701e-07,4.8992701e-07,0.33265794,2.3978039,1,1,0.76300001,0.76300001,0.5,0
0.32849574,4.9389758e-07,4.9389758e-07,0.33267191,2.3925056,1,1,0.764,0.764,0.5,0
0.32847067,4.9786815e-07,4.9786815e-07,0.33268587,2.3872073,1,1,0.76499999,0.76499999,0.5,0
0.32844561,5.0183871e-07,5.0183871e-07,0.33269983,2.3819091,1,1,0.76599997,0.76599997,0.5,0
0.32842054,5.0580952e-07,5.0580952e-07,0.33271379,2.3766105,1,1,0.76700002,0.76700002,0.5,0
0.32839548,5.0978008e-07,5.0978008e-07,0.33272776,2.3713123,1,1,0.76800001,0.76800001,0.5,0
0.32837042,5.1375065e-07,5.1375065e-07,0.33274172,2.366014,1,1,0.76899999,0.76899999,0.5,0
0.32834535,5.1772122e-07,5.1772122e-07,0.33275568,2.3607158,1,1,0.76999998,0.76999998,0.5,0
0.32832029,5.2169202e-07,5.2169202e-07,0.33276965,2.3554172,1,1,0.77100003,0.77100003,0.5,0
0.32829522,5.2566259e-07,5.2566259e-07,0.33278361,2.3501189,1,1,0.77200001,0.77200001,0.5,0
0.32827016,5.2963316e-07,5.2963316e-07,0.33279757,2.3448207,1,1,0.773,0.773,0.5,0
0.32824509,5.3360372e-07,5.3360372e-07,0.33281153,2.3395224,1,1,0.77399999,0.77399999,0.5,0
0.32822003,5.3757429e-07,5.3757429e-07,0.3328255,2.3342242,1,1,0.77499998,0.77499998,0.5,0
0.32819496,5.4154509e-07,5.4154509e-07,0.33283946,2.3289256,1,1,0.77600002,0.77600002,0.5,0
0.3281699,5.4551566e-07,5.4551566e-07,0.33285342,2.3236273,1,1,0.77700001,0.77700001,0.5,0
0.32814484,5.4948623e-07,5.4948623e-07,0.33286739,2.3183291,1,1,0.778,0.778,0.5,0
0.32811977,5.534568e-07,5.534568e-07,0.33288135,2.3130308,1,1,0.77899998,0.77899998,0.5,0
0.32809471,5.5742736e-07,5.5742736e-07,0.33289531,2.3077326,1,1,0.77999997,0.77999997,0.5,0
0.32806964,5.6139817e-07,5.6139817e-07,0.33290927,2.302434,1,1,0.78100002,0.78100002,0.5,0
0.32804458,5.6536873e-07,5.6536873e-07,0.33292324,2.2971357,1,1,0.78200001,0.78200001,0.5,0
0.32801952,5.693393e-07,5.693393e-07,0.3329372,2.2918375,1,1,0.78299999,0.78299999,0.5,0
0.32799445,5.7330987e-07,5.7330987e-07,0.33295116,2.2865392,1,1,0.78399998,0.78399998,0.5,0
0.32796939,5.7728067e-07,5.7728067e-07,0.33296513,2.2812407,1,1,0.78500003,0.78500003,0.5,0
0.32794432,5.8125124e-07,5.8125124e-07,0.33297909,2.2759424,1,1,0.78600001,0.78600001,0.5,0
0.32791926,5.8522181e-07,5.8522181e-07,0.33299305,2.2706442,1,1,0.787,0.787,0.5,0
0.32789419,5.8919237e-07,5.8919237e-07,0.33300701,2.2653459,1,1,0.78799999,0.78799999,0.5,0
0.32786913,5.9316294e-07,5.9316294e-07,0.33302098,2.2600477,1,1,0.78899997,0.78899997,0.5,0
0.32784407,5.9713374e-07,5.9713374e-07,0.33303494,2.2547491,1,1,0.79000002,0.79000002,0.5,0
0.327819,6.0110431e-07,6.0110431e-07,0.3330489,2.2494508,1,1,0.79100001,0.79100001,0.5,0
0.32779394,6.0507488e-07,6.0507488e-07,0.33306287,2.2441526,1,1,0.792,0.792,0.5,0
0.32776887,6.0904545e-07,6.0904545e-07,0.33307683,2.2388543,1,1,0.79299998,0.79299998,0.5,0
0.32774381,6.1301625e-07,6.1301625e-07,0.33309079,2.2335557,1,1,0.79400003,0.79400003,0.5,0
0.32771874,6.1698682e-07,6.1698682e-07,0.33310475,2.2282575,1,1,0.79500002,0.79500002,0.5,0
0.32769368,6.2095738e-07,6.2095738e-07,0.33311872,2.2229592,1,1,0.796,0.796,0.5,0
0.32766862,6.2492795e-07,6.2492795e-07,0.33313268,2.217661,1,1,0.79699999,0.79699999,0.5,0
0.32764355,6.2889852e-07,6.2889852e-07,0.33314664,2.2123627,1,1,0.79799998,0.79799998,0.5,0
0.32761849,6.3286932e-07,6.3286932e-07,0.33316061,2.2070642,1,1,0.79900002,0.79900002,0.5,0
0.32759342,6.3683989e-07,6.3683989e-07,0.33317457,2.2017659,1,1,0.80000001,0.80000001,0.5,0
0.32756836,6.4081046e-07,6.4081046e-07,0.33318853,2.1964676,1,1,0.801,0.801,0.5,0
0.3275433,6.4478102e-07,6.4478102e-07,0.33320249,2.1911694,1,1,0.80199999,0.80199999,0.5,0
0.32751823,6.4875159e-07,6.4875159e-07,0.33321646,2.1858711,1,1,0.80299997,0.80299997,0.5,0
0.32749317,6.5272239e-07,6.5272239e-07,0.33323042,2.1805726,1,1,0.80400002,0.80400002,0.5,0
0.3274681,6.5669296e-07,6.5669296e-07,0.33324438,2.1752743,1,1,0.80500001,0.80500001,0.5,0
0.32744304,6.6066353e-07,6.6066353e-07,0.33325835,2.1699761,1,1,0.80599999,0.80599999,0.5,0
0.32741797,6.646341e-07,6.646341e-07,0.33327231,2.1646778,1,1,0.80699998,0.80699998,0.5,0
0.32739291,6.686049e-07,6.686049e-07,0.33328627,2.1593792,1,1,0.80800003,0.80800003,0.5,0
0.32736785,6.7257547e-07,6.7257547e-07,0.33330023,2.154081,1,1,0.80900002,0.80900002,0.5,0
0.32734278,6.7654603e-07,6.7654603e-07,0.3333142,2.1487827,1,1,0.81,0.81,0.5,0
0.32731772,6.805166e-07,6.805166e-07,0.33332816,2.1434845,1,1,0.81099999,0.81099999,0.5,0
0.32729265,6.8448717e-07,6.8448717e-07,0.33334212,2.1381862,1,1,0.81199998,0.81199998,0.5,0
0.32726759,6.8845797e-07,6.8845797e-07,0.33335609,2.1328876,1,1,0.81300002,0.81300002,0.5,0
0.32724252,6.9242854e-07,6.9242854e-07,0.33337005,2.1275894,1,1,0.81400001,0.81400001,0.5,0
0.32721746,6.9639911e-07,6.9639911e-07,0.33338401,2.1222911,1,1,0.815,0.815,0.5,0
0.3271924,7.0036967e-07,7.0036967e-07,0.33339797,2.1169929,1,1,0.81599998,0.81599998,0.5,0
0.32716733,7.0434024e-07,7.0434024e-07,0.33341194,2.1116946,1,1,0.81699997,0.81699997,0.5,0
0.32714227,7.0831104e-07,7.0831104e-07,0.3334259,2.1063961,1,1,0.81800002,0.81800002,0.5,0
0.3271172,7.1228161e-07,7.1228161e-07,0.33343986,2.1010978,1,1,0.81900001,0.81900001,0.5,0
0.32709214,7.1625218e-07,7.1625218e-07,0.33345383,2.0957995,1,1,0.81999999,0.81999999,0.5,0
0.32706708,7.2022275e-07,7.2022275e-07,0.33346779,2.0905013,1,1,0.82099998,0.82099998,0.5,0
0.32704201,7.2419355e-07,7.2419355e-07,0.33348175,2.0852027,1,1,0.82200003,0.82200003,0.5,0
0.32701695,7.2816412e-07,7.2816412e-07,0.33349571,2.0799045,1,1,0.82300001,0.82300001,0.5,0
0.32699188,7.3213468e-07,7.3213468e-07,0.33350968,2.0746062,1,1,0.824,0.824,0.5,0
0.32696682,7.3610525e-07,7.3610525e-07,0.33352364,2.069308,1,1,0.82499999,0.82499999,0.5,0
0.32694175,7.4007582e-07,7.4007582e-07,0.3335376,2.0640097,1,1,0.82599998,0.82599998,0.5,0
0.32691669,7.4404662e-07,7.4404662e-07,0.33355157,2.0587111,1,1,0.82700002,0.82700002,0.5,0
0.32689163,7.4801719e-07,7.4801719e-07,0.33356553,2.0534129,1,1,0.82800001,0.82800001,0.5,0
0.32686656,7.5198776e-07,7.5198776e-07,0.33357949,2.0481146,1,1,0.829,0.829,0.5,0
0.3268415,7.5595832e-07,7.5595832e-07,0.33359345,2.0428164,1,1,0.82999998,0.82999998,0.5,0
0.32681643,7.5992889e-07,7.5992889e-07,0.33360742,2.0375181,1,1,0.83099997,0.83099997,0.5,0
0.32679137,7.6389969e-07,7.6389969e-07,0.33362138,2.0322195,1,1,0.83200002,0.83200002,0.5,0
0.3267663,7.6787026e-07,7.6787026e-07,0.33363534,2.0269213,1,1,0.833,0.833,0.5,0
0.32674124,7.7184083e-07,7.7184083e-07,0.33364931,2.021623,1,1,0.83399999,0.83399999,0.5,0
0.32671618,7.758114e-07,7.758114e-07,0.33366327,2.0163248,1,1,0.83499998,0.83499998,0.5,0
0.32669111,7.797822e-07,7.797822e-07,0.33367723,2.0110262,1,1,0.83600003,0.83600003,0.5,0
0.32666605,7.8375277e-07,7.8375277e-07,0.33369119,2.0057279,1,1,0.83700001,0.83700001,0.5,0
0.32664098,7.8772333e-07,7.8772333e-07,0.33370516,2.0004297,1,1,0.838,0.838,0.5,0
0.32661592,7.916939e-07,7.916939e-07,0.33371912,1.9951314,1,1,0.83899999,0.83899999,0.5,0
0.32659086,7.9566447e-07,7.9566447e-07,0.33373308,1.9898332,1,1,0.83999997,0.83999997,0.5,0
0.32656579,7.9963527e-07,7.9963527e-07,0.33374705,1.9845346,1,1,0.84100002,0.84100002,0.5,0
0.32654073,8.0360584e-07,8.0360584e-07,0.33376101,1.9792364,1,1,0.84200001,0.84200001,0.5,0
0.32651566,8.0757641e-07,8.0757641e-07,0.33377497,1.9739381,1,1,0.84299999,0.84299999,0.5,0
0.3264906,8.1154697e-07,8.1154697e-07,0.33378893,1.9686399,1,1,0.84399998,0.84399998,0.5,0
0.32646553,8.1551778e-07,8.1551778e-07,0.3338029,1.9633413,1,1,0.84500003,0.84500003,0.5,0
0.32644047,8.1948834e-07,8.1948834e-07,0.33381686,1.958043,1,1,0.84600002,0.84600002,0.5,0
0.3264154,8.2345891e-07,8.2345891e-07,0.33383082,1.9527448,1,1,0.847,0.847,0.5,0
0.32639034,8.2742948e-07,8.2742948e-07,0.33384479,1.9474465,1,1,0.84799999,0.84799999,0.5,0
0.32636528,8.3140005e-07,8.3140005e-07,0.33385875,1.9421483,1,1,0.84899998,0.84899998,0.5,0
0.32634021,8.3537085e-07,8.3537085e-07,0.33387271,1.9368497,1,1,0.85000002,0.85000002,0.5,0
0.32631515,8.3934142e-07,8.3934142e-07,0.33388667,1.9315514,1,1,0.85100001,0.85100001,0.5,0
0.32629008,8.4331198e-07,8.4331198e-07,0.33390064,1.9262532,1,1,0.852,0.852,0.5,0
0.32626502,8.4728255e-07,8.4728255e-07,0.3339146,1.9209549,1,1,0.85299999,0.85299999,0.5,0
0.32623996,8.5125312e-07,8.5125312e-07,0.33392856,1.9156567,1,1,0.85399997,0.85399997,0.5,0
0.32621489,8.5522392e-07,8.5522392e-07,0.33394253,1.9103581,1,1,0.85500002,0.85500002,0.5,0
0.32618983,8.5919449e-07,8.5919449e-07,0.33395649,1.9050598,1,1,0.85600001,0.85600001,0.5,0
0.32616476,8.6316506e-07,8.6316506e-07,0.33397045,1.8997616,1,1,0.85699999,0.85699999,0.5,0
0.3261397,8.6713562e-07,8.6713562e-07,0.33398441,1.8944633,1,1,0.85799998,0.85799998,0.5,0
0.32611463,8.7110643e-07,8.7110643e-07,0.33399838,1.8891648,1,1,0.85900003,0.85900003,0.5,0
0.32608957,8.7507699e-07,8.7507699e-07,0.33401234,1.8838665,1,1,0.86000001,0.86000001,0.5,0
0.32606451,8.7904756e-07,8.7904756e-07,0.3340263,1.8785683,1,1,0.861,0.861,0.5,0
0.32603944,8.8301813e-07,8.8301813e-07,0.33404027,1.87327,1,1,0.86199999,0.86199999,0.5,0
0.32601438,8.869887e-07,8.869887e-07,0.33405423,1.8679717,1,1,0.86299998,0.86299998,0.5,0
0.32598931,8.909595e-07,8.909595e-07,0.33406819,1.8626732,1,1,0.86400002,0.86400002,0.5,0
0.32596425,8.9493007e-07,8.9493007e-07,0.33408215,1.8573749,1,1,0.86500001,0.86500001,0.5,0
0.32593918,8.9890063e-07,8.9890063e-07,0.33409612,1.8520767,1,1,0.866,0.866,0.5,0
0.32591412,9.028712e-07,9.028712e-07,0.33411008,1.8467784,1,1,0.86699998,0.86699998,0.5,0
0.32588906,9.0684177e-07,9.0684177e-07,0.33412404,1.8414802,1,1,0.86799997,0.86799997,0.5,0
0.32586399,9.1081257e-07,9.1081257e-07,0.33413801,1.8361816,1,1,0.86900002,0.86900002,0.5,0
0.32583893,9.1478314e-07,9.1478314e-07,0.33415197,1.8308833,1,1,0.87,0.87,0.5,0
0.32581386,9.1875371e-07,9.1875371e-07,0.33416593,1.8255851,1,1,0.87099999,0.87099999,0.5,0
0.3257888,9.2272427e-07,9.2272427e-07,0.33417989,1.8202868,1,1,0.87199998,0.87199998,0.5,0
0.32576373,9.2669508e-07,9.2669508e-07,0.33419386,1.8149883,1,1,0.87300003,0.87300003,0.5,0
0.32573867,9.3066564e-07,9.3066564e-07,0.33420782,1.80969,1,1,0.87400001,0.87400001,0.5,0
0.32571361,9.3463621e-07,9.3463621e-07,0.33422178,1.8043917,1,1,0.875,0.875,0.5,0
0.32629183,9.9280509e-07,9.9280509e-07,0.3339228,1.7920091,1,1,0.87599999,0.87599999,0.5,0
0.32664552,1.0000378e-06,1.0000378e-06,0.33374111,1.7826602,1,1,0.87699997,0.87699997,0.5,0
0.32699923,1.0072709e-06,1.0072709e-06,0.3335594,1.7733108,1,1,0.87800002,0.87800002,0.5,0
0.32735292,1.0145035e-06,1.0145035e-06,0.3333777,1.7639619,1,1,0.87900001,0.87900001,0.5,0
0.32770662,1.0217362e-06,1.0217362e-06,0.33319601,1.7546131,1,1,0.88,0.88,0.5,0
0.32806031,1.0289689e-06,1.0289689e-06,0.33301431,1.7452642,1,1,0.88099998,0.88099998,0.5,0
0.32841402,1.036202e-06,1.036202e-06,0.33283261,1.7359148,1,1,0.88200003,0.88200003,0.5,0
0.32876771,1.0434346e-06,1.0434346e-06,0.33265091,1.7265659,1,1,0.88300002,0.88300002,0.5,0
0.32912141,1.0506673e-06,1.0506673e-06,0.33246922,1.717217,1,1,0.884,0.884,0.5,0
0.3294751,1.0579e-06,1.0579e-06,0.33228752,1.7078682,1,1,0.88499999,0.88499999,0.5,0
0.32982879,1.0651326e-06,1.0651326e-06,0.33210583,1.6985193,1,1,0.88599998,0.88599998,0.5,0
0.3301825,1.0723657e-06,1.0723657e-06,0.33192412,1.6891699,1,1,0.88700002,0.88700002,0.5,0
0.3305362,1.0795984e-06,1.0795984e-06,0.33174243,1.679821,1,1,0.88800001,0.88800001,0.5,0
0.33088989,1.0868311e-06,1.0868311e-06,0.33156073,1.6704722,1,1,0.889,0.889,0.5,0
0.33124358,1.0940637e-06,1.0940637e-06,0.33137903,1.6611233,1,1,0.88999999,0.88999999,0.5,0
0.33159727,1.1012964e-06,1.1012964e-06,0.33119734,1.6517744,1,1,0.89099997,0.89099997,0.5,0
0.33195099,1.1085295e-06,1.1085295e-06,0.33101563,1.642425,1,1,0.89200002,0.89200002,0.5,0
0.33230468,1.1157622e-06,1.1157622e-06,0.33083394,1.6330762,1,1,0.89300001,0.89300001,0.5,0
0.33265837,1.1229948e-06,1.1229948e-06,0.33065224,1.6237273,1,1,0.89399999,0.89399999,0.5,0
0.33301206,1.1302275e-06,1.1302275e-06,0.33047055,1.6143784,1,1,0.89499998,0.89499998,0.5,0
0.33336578,1.1374606e-06,1.1374606e-06,0.33028884,1.605029,1,1,0.89600003,0.89600003,0.5,0
0.33371947,1.1446933e-06,1.1446933e-06,0.33010715,1.5956801,1,1,0.89700001,0.89700001,0.5,0
0.33407316,1.1519259e-06,1.1519259e-06,0.32992545,1.5863313,1,1,0.898,0.898,0.5,0
0.33442685,1.1591586e-06,1.1591586e-06,0.32974375,1.5769824,1,1,0.89899999,0.89899999,0.5,0
0.33478055,1.1663913e-06,1.1663913e-06,0.32956206,1.5676335,1,1,0.89999998,0.89999998,0.5,0
0.33513426,1.1736244e-06,1.1736244e-06,0.32938035,1.5582841,1,1,0.90100002,0.90100002,0.5,0
0.33548795,1.180857e-06,1.180857e-06,0.32919866,1.5489353,1,1,0.90200001,0.90200001,0.5,0
0.33584164,1.1880897e-06,1.1880897e-06,0.32901696,1.5395864,1,1,0.903,0.903,0.5,0
0.33619534,1.1953224e-06,1.1953224e-06,0.32883527,1.5302375,1,1,0.90399998,0.90399998,0.5,0
0.33654903,1.202555e-06,1.202555e-06,0.32865357,1.5208887,1,1,0.90499997,0.90499997,0.5,0
0.33690274,1.2097881e-06,1.2097881e-06,0.32847187,1.5115393,1,1,0.90600002,0.90600002,0.5,0
0.33725643,1.2170208e-06,1.2170208e-06,0.32829017,1.5021904,1,1,0.90700001,0.90700001,0.5,0
0.33761013,1.2242535e-06,1.2242535e-06,0.32810848,1.4928415,1,1,0.90799999,0.90799999,0.5,0
0.33796382,1.2314861e-06,1.2314861e-06,0.32792678,1.4834927,1,1,0.90899998,0.90899998,0.5,0
0.33831753,1.2387192e-06,1.2387192e-06,0.32774507,1.4741432,1,1,0.91000003,0.91000003,0.5,0
0.33867122,1.2459519e-06,1.2459519e-06,0.32756338,1.4647944,1,1,0.91100001,0.91100001,0.5,0
0.33902492,1.2531846e-06,1.2531846e-06,0.32738168,1.4554455,1,1,0.912,0.912,0.5,0
0.33937861,1.2604172e-06,1.2604172e-06,0.32719999,1.4460966,1,1,0.91299999,0.91299999,0.5,0
0.3397323,1.2676499e-06,1.2676499e-06,0.32701829,1.4367478,1,1,0.91399997,0.91399997,0.5,0
0.34008601,1.274883e-06,1.274883e-06,0.32683659,1.4273984,1,1,0.91500002,0.91500002,0.5,0
0.34043971,1.2821157e-06,1.2821157e-06,0.32665489,1.4180495,1,1,0.91600001,0.91600001,0.5,0
0.3407934,1.2893483e-06,1.2893483e-06,0.3264732,1.4087006,1,1,0.917,0.917,0.5,0
0.34114709,1.296581e-06,1.296581e-06,0.3262915,1.3993518,1,1,0.91799998,0.91799998,0.5,0
0.3415008,1.3038141e-06,1.3038141e-06,0.32610979,1.3900024,1,1,0.91900003,0.91900003,0.5,0
0.3418545,1.3110468e-06,1.3110468e-06,0.3259281,1.3806535,1,1,0.92000002,0.92000002,0.5,0
0.34220819,1.3182794e-06,1.3182794e-06,0.3257464,1.3713046,1,1,0.921,0.921,0.5,0
0.34256188,1.3255121e-06,1.3255121e-06,0.32556471,1.3619558,1,1,0.92199999,0.92199999,0.5,0
0.34291557,1.3327448e-06,1.3327448e-06,0.32538301,1.3526069,1,1,0.92299998,0.92299998,0.5,0
0.34326929,1.3399779e-06,1.3399779e-06,0.32520131,1.3432575,1,1,0.92400002,0.92400002,0.5,0
0.34362298,1.3472105e-06,1.3472105e-06,0.32501961,1.3339086,1,1,0.92500001,0.92500001,0.5,0
0.34397667,1.3544432e-06,1.3544432e-06,0.32483792,1.3245597,1,1,0.926,0.926,0.5,0
0.34433036,1.3616759e-06,1.3616759e-06,0.32465622,1.3152109,1,1,0.92699999,0.92699999,0.5,0
0.34468406,1.3689086e-06,1.3689086e-06,0.32447452,1.305862,1,1,0.92799997,0.92799997,0.5,0
0.34503777,1.3761417e-06,1.3761417e-06,0.32429282,1.2965126,1,1,0.92900002,0.92900002,0.5,0
0.34539146,1.3833743e-06,1.3833743e-06,0.32411112,1.2871637,1,1,0.93000001,0.93000001,0.5,0
0.34574515,1.390607e-06,1.390607e-06,0.32392943,1.2778149,1,1,0.93099999,0.93099999,0.5,0
0.34609885,1.3978397e-06,1.3978397e-06,0.32374773,1.268466,1,1,0.93199998,0.93199998,0.5,0
0.34645256,1.4050728e-06,1.4050728e-06,0.32356603,1.2591166,1,1,0.93300003,0.93300003,0.5,0
0.34680625,1.4123054e-06,1.4123054e-06,0.32338433,1.2497677,1,1,0.93400002,0.93400002,0.5,0
0.34715994,1.4195381e-06,1.4195381e-06,0.32320264,1.2404189,1,1,0.935,0.935,0.5,0
0.34751364,1.4267708e-06,1.4267708e-06,0.32302094,1.23107,1,1,0.93599999,0.93599999,0.5,0
0.34786733,1.4340034e-06,1.4340034e-06,0.32283925,1.2217211,1,1,0.93699998,0.93699998,0.5,0
0.34822104,1.4412365e-06,1.4412365e-06,0.32265754,1.2123717,1,1,0.93800002,0.93800002,0.5,0
0.34857473,1.4484692e-06,1.4484692e-06,0.32247584,1.2030228,1,1,0.93900001,0.93900001,0.5,0
0.34892843,1.4557019e-06,1.4557019e-06,0.32229415,1.193674,1,1,0.94,0.94,0.5,0
0.34928212,1.4629345e-06,1.4629345e-06,0.32211245,1.1843251,1,1,0.94099998,0.94099998,0.5,0
0.34963581,1.4701672e-06,1.4701672e-06,0.32193076,1.1749763,1,1,0.94199997,0.94199997,0.5,0
0.34998952,1.4774003e-06,1.4774003e-06,0.32174905,1.1656268,1,1,0.94300002,0.94300002,0.5,0
0.35034322,1.484633e-06,1.484633e-06,0.32156736,1.156278,1,1,0.94400001,0.94400001,0.5,0
0.35069691,1.4918656e-06,1.4918656e-06,0.32138566,1.1469291,1,1,0.94499999,0.94499999,0.5,0
0.3510506,1.4990983e-06,1.4990983e-06,0.32120397,1.1375802,1,1,0.94599998,0.94599998,0.5,0
0.35140431,1.5063314e-06,1.5063314e-06,0.32102226,1.1282308,1,1,0.94700003,0.94700003,0.5,0
0.35175801,1.5135641e-06,1.5135641e-06,0.32084056,1.118882,1,1,0.94800001,0.94800001,0.5,0
0.3521117,1.5207967e-06,1.5207967e-06,0.32065887,1.1095331,1,1,0.949,0.949,0.5,0
0.35246539,1.5280294e-06,1.5280294e-06,0.32047717,1.1001842,1,1,0.94999999,0.94999999,0.5,0
0.35281908,1.5352621e-06,1.5352621e-06,0.32029548,1.0908354,1,1,0.95099998,0.95099998,0.5,0
0.3531728,1.5424952e-06,1.5424952e-06,0.32011377,1.0814859,1,1,0.95200002,0.95200002,0.5,0
0.35352649,1.5497278e-06,1.5497278e-06,0.31993208,1.0721371,1,1,0.95300001,0.95300001,0.5,0
0.35388018,1.5569605e-06,1.5569605e-06,0.31975038,1.0627882,1,1,0.954,0.954,0.5,0
0.35423387,1.5641932e-06,1.5641932e-06,0.31956869,1.0534394,1,1,0.95499998,0.95499998,0.5,0
0.35458757,1.5714258e-06,1.5714258e-06,0.31938699,1.0440905,1,1,0.95599997,0.95599997,0.5,0
0.35494128,1.5786589e-06,1.5786589e-06,0.31920528,1.0347411,1,1,0.95700002,0.95700002,0.5,0
0.35529497,1.5858916e-06,1.5858916e-06,0.31902359,1.0253922,1,1,0.958,0.958,0.5,0
0.35564866,1.5931243e-06,1.5931243e-06,0.31884189,1.0160433,1,1,0.95899999,0.95899999,0.5,0
0.35600236,1.6003569e-06,1.6003569e-06,0.3186602,1.0066945,1,1,0.95999998,0.95999998,0.5,0
0.35635607,1.60759e-06,1.60759e-06,0.31847849,0.99734506,1,1,0.96100003,0.96100003,0.5,0
0.35670976,1.6148227e-06,1.6148227e-06,0.3182968,0.98799619,1,1,0.96200001,0.96200001,0.5,0
0.35706345,1.6220554e-06,1.6220554e-06,0.3181151,0.97864733,1,1,0.963,0.963,0.5,0
0.35741715,1.629288e-06,1.629288e-06,0.31793341,0.96929847,1,1,0.96399999,0.96399999,0.5,0
0.35777084,1.6365207e-06,1.6365207e-06,0.31775171,0.9599496,1,1,0.96499997,0.96499997,0.5,0
0.35812455,1.6437538e-06,1.6437538e-06,0.31757,0.95060018,1,1,0.96600002,0.96600002,0.5,0
0.35847824,1.6509865e-06,1.6509865e-06,0.31738831,0.94125132,1,1,0.96700001,0.96700001,0.5,0
0.35883194,1.6582191e-06,1.6582191e-06,0.31720661,0.93190245,1,1,0.96799999,0.96799999,0.5,0
0.35918563,1.6654518e-06,1.6654518e-06,0.31702492,0.92255359,1,1,0.96899998,0.96899998,0.5,0
0.35953934,1.6726849e-06,1.6726849e-06,0.31684321,0.91320417,1,1,0.97000003,0.97000003,0.5,0
0.35989303,1.6799176e-06,1.6799176e-06,0.31666152,0.90385531,1,1,0.97100002,0.97100002,0.5,0
0.36024673,1.6871502e-06,1.6871502e-06,0.31647982,0.89450644,1,1,0.972,0.972,0.5,0
0.36060042,1.6943829e-06,1.6943829e-06,0.31629813,0.88515758,1,1,0.97299999,0.97299999,0.5,0
0.36095411,1.7016156e-06,1.7016156e-06,0.31611643,0.87580872,1,1,0.97399998,0.97399998,0.5,0
0.36130782,1.7088487e-06,1.7088487e-06,0.31593472,0.86645929,1,1,0.97500002,0.97500002,0.5,0
0.36166152,1.7160813e-06,1.7160813e-06,0.31575303,0.85711043,1,1,0.97600001,0.97600001,0.5,0
0.36201521,1.723314e-06,1.723314e-06,0.31557133,0.84776157,1,1,0.977,0.977,0.5,0
0.3623689,1.7305467e-06,1.7305467e-06,0.31538964,0.8384127,1,1,0.97799999,0.97799999,0.5,0
0.36272259,1.7377793e-06,1.7377793e-06,0.31520794,0.82906384,1,1,0.97899997,0.97899997,0.5,0
0.36307631,1.7450124e-06,1.7450124e-06,0.31502624,0.81971442,1,1,0.98000002,0.98000002,0.5,0
0.36343,1.7522451e-06,1.7522451e-06,0.31484454,0.81036555,1,1,0.98100001,0.98100001,0.5,0
0.36378369,1.7594778e-06,1.7594778e-06,0.31466285,0.80101669,1,1,0.98199999,0.98199999,0.5,0
0.36413738,1.7667104e-06,1.7667104e-06,0.31448115,0.79166783,1,1,0.98299998,0.98299998,0.5,0
0.3644911,1.7739435e-06,1.7739435e-06,0.31429944,0.78231841,1,1,0.98400003,0.98400003,0.5,0
0.36484479,1.7811762e-06,1.7811762e-06,0.31411775,0.77296954,1,1,0.98500001,0.98500001,0.5,0
0.36519848,1.7884089e-06,1.7884089e-06,0.31393605,0.76362068,1,1,0.986,0.986,0.5,0
0.36555217,1.7956415e-06,1.7956415e-06,0.31375436,0.75427181,1,1,0.98699999,0.98699999,0.5,0
0.36590587,1.8028742e-06,1.8028742e-06,0.31357266,0.74492295,1,1,0.98799998,0.98799998,0.5,0
0.36625958,1.8101073e-06,1.8101073e-06,0.31339096,0.73557353,1,1,0.98900002,0.98900002,0.5,0
0.36661327,1.81734e-06,1.81734e-06,0.31320926,0.72622467,1,1,0.99000001,0.99000001,0.5,0
0.36696696,1.8245726e-06,1.8245726e-06,0.31302757,0.7168758,1,1,0.991,0.991,0.5,0
0.36732066,1.8318053e-06,1.8318053e-06,0.31284587,0.70752694,1,1,0.99199998,0.99199998,0.5,0
0.36767435,1.839038e-06,1.839038e-06,0.31266418,0.69817807,1,1,0.99299997,0.99299997,0.5,0
0.36802806,1.8462711e-06,1.8462711e-06,0.31248247,0.68882865,1,1,0.99400002,0.99400002,0.5,0
0.36838175,1.8535037e-06,1.8535037e-06,0.31230077,0.67947979,1,1,0.995,0.995,0.5,0
0.36873545,1.8607364e-06,1.8607364e-06,0.31211908,0.67013093,1,1,0.99599999,0.99599999,0.5,0
0.36908914,1.8679691e-06,1.8679691e-06,0.31193738,0.66078206,1,1,0.99699998,0.99699998,0.5,0
0.36944285,1.8752022e-06,1.8752022e-06,0.31175568,0.65143264,1,1,0.99800003,0.99800003,0.5,0
0.36979654,1.8824349e-06,1.8824349e-06,0.31157398,0.64208378,1,1,0.99900001,0.99900001,0.5,0
0.37015024,1.8896675e-06,1.8896675e-06,0.31139229,0.63273491,1,1,1,1,0.5,0
