"phi","vtkValidPointMask","arc_length","Points:0","Points:1","Points:2"
0.0034583,1,0,3.5,0,0
0.058778,1,0.003,3.5,0.003,0
0.1141,1,0.006,3.5,0.006,0
0.16941,1,0.009,3.5,0.009,0
0.22473,1,0.012,3.5,0.012,0
0.28005,1,0.015,3.5,0.015,0
0.33536,1,0.018,3.5,0.018,0
0.39068,1,0.021,3.5,0.021,0
0.44599,1,0.024,3.5,0.024,0
0.5013,1,0.027,3.5,0.027,0
0.55662,1,0.03,3.5,0.03,0
0.61193,1,0.033,3.5,0.033,0
0.66724,1,0.036,3.5,0.036,0
0.72255,1,0.039,3.5,0.039,0
0.77786,1,0.042,3.5,0.042,0
0.83317,1,0.045,3.5,0.045,0
0.88847,1,0.048,3.5,0.048,0
0.94378,1,0.051,3.5,0.051,0
0.99909,1,0.054,3.5,0.054,0
1.0544,1,0.057,3.5,0.057,0
1.1097,1,0.06,3.5,0.06,0
1.165,1,0.063,3.5,0.063,0
1.2203,1,0.066,3.5,0.066,0
1.2756,1,0.069,3.5,0.069,0
1.3309,1,0.072,3.5,0.072,0
1.3862,1,0.075,3.5,0.075,0
1.4415,1,0.078,3.5,0.078,0
1.4968,1,0.081,3.5,0.081,0
1.5521,1,0.084,3.5,0.084,0
1.6074,1,0.087,3.5,0.087,0
1.6627,1,0.09,3.5,0.09,0
1.718,1,0.093,3.5,0.093,0
1.7733,1,0.096,3.5,0.096,0
1.8286,1,0.099,3.5,0.099,0
1.8839,1,0.102,3.5,0.102,0
1.9392,1,0.105,3.5,0.105,0
1.9945,1,0.108,3.5,0.108,0
2.0497,1,0.111,3.5,0.111,0
2.105,1,0.114,3.5,0.114,0
2.1603,1,0.117,3.5,0.117,0
2.2156,1,0.12,3.5,0.12,0
2.2709,1,0.123,3.5,0.123,0
2.3262,1,0.126,3.5,0.126,0
2.3815,1,0.129,3.5,0.129,0
2.4368,1,0.132,3.5,0.132,0
2.492,1,0.135,3.5,0.135,0
2.5473,1,0.138,3.5,0.138,0
2.6026,1,0.141,3.5,0.141,0
2.6579,1,0.144,3.5,0.144,0
2.7132,1,0.147,3.5,0.147,0
2.7685,1,0.15,3.5,0.15,0
2.8237,1,0.153,3.5,0.153,0
2.879,1,0.156,3.5,0.156,0
2.9343,1,0.159,3.5,0.159,0
2.9896,1,0.162,3.5,0.162,0
3.0448,1,0.165,3.5,0.165,0
3.1001,1,0.168,3.5,0.168,0
3.1554,1,0.171,3.5,0.171,0
3.2107,1,0.174,3.5,0.174,0
3.2659,1,0.177,3.5,0.177,0
3.3212,1,0.18,3.5,0.18,0
3.3843,1,0.183,3.5,0.183,0
3.4243,1,0.186,3.5,0.186,0
3.4643,1,0.189,3.5,0.189,0
3.5043,1,0.192,3.5,0.192,0
3.5443,1,0.195,3.5,0.195,0
3.5843,1,0.198,3.5,0.198,0
3.6243,1,0.201,3.5,0.201,0
3.6643,1,0.204,3.5,0.204,0
3.7044,1,0.207,3.5,0.207,0
3.7444,1,0.21,3.5,0.21,0
3.7844,1,0.213,3.5,0.213,0
3.8245,1,0.216,3.5,0.216,0
3.8645,1,0.219,3.5,0.219,0
3.9045,1,0.222,3.5,0.222,0
3.9446,1,0.225,3.5,0.225,0
3.9847,1,0.228,3.5,0.228,0
4.0247,1,0.231,3.5,0.231,0
4.0648,1,0.234,3.5,0.234,0
4.1048,1,0.237,3.5,0.237,0
4.1449,1,0.24,3.5,0.24,0
4.185,1,0.243,3.5,0.243,0
4.225,1,0.246,3.5,0.246,0
4.2651,1,0.249,3.5,0.249,0
4.3052,1,0.252,3.5,0.252,0
4.3453,1,0.255,3.5,0.255,0
4.3854,1,0.258,3.5,0.258,0
4.4255,1,0.261,3.5,0.261,0
4.4656,1,0.264,3.5,0.264,0
4.5056,1,0.267,3.5,0.267,0
4.5457,1,0.27,3.5,0.27,0
4.5858,1,0.273,3.5,0.273,0
4.6259,1,0.276,3.5,0.276,0
4.666,1,0.279,3.5,0.279,0
4.7062,1,0.282,3.5,0.282,0
4.7463,1,0.285,3.5,0.285,0
4.7864,1,0.288,3.5,0.288,0
4.8265,1,0.291,3.5,0.291,0
4.8666,1,0.294,3.5,0.294,0
4.9067,1,0.297,3.5,0.297,0
4.9468,1,0.3,3.5,0.3,0
4.987,1,0.303,3.5,0.303,0
5.0271,1,0.306,3.5,0.306,0
5.0672,1,0.309,3.5,0.309,0
5.1073,1,0.312,3.5,0.312,0
5.1475,1,0.315,3.5,0.315,0
5.1876,1,0.318,3.5,0.318,0
5.2277,1,0.321,3.5,0.321,0
5.2679,1,0.324,3.5,0.324,0
5.308,1,0.327,3.5,0.327,0
5.3481,1,0.33,3.5,0.33,0
5.3883,1,0.333,3.5,0.333,0
5.4284,1,0.336,3.5,0.336,0
5.4686,1,0.339,3.5,0.339,0
5.5087,1,0.342,3.5,0.342,0
5.5489,1,0.345,3.5,0.345,0
5.5829,1,0.348,3.5,0.348,0
5.611,1,0.351,3.5,0.351,0
5.6392,1,0.354,3.5,0.354,0
5.6674,1,0.357,3.5,0.357,0
5.6955,1,0.36,3.5,0.36,0
5.7237,1,0.363,3.5,0.363,0
5.7519,1,0.366,3.5,0.366,0
5.7802,1,0.369,3.5,0.369,0
5.8084,1,0.372,3.5,0.372,0
5.8367,1,0.375,3.5,0.375,0
5.865,1,0.378,3.5,0.378,0
5.8933,1,0.381,3.5,0.381,0
5.9216,1,0.384,3.5,0.384,0
5.9499,1,0.387,3.5,0.387,0
5.9783,1,0.39,3.5,0.39,0
6.0067,1,0.393,3.5,0.393,0
6.0351,1,0.396,3.5,0.396,0
6.0635,1,0.399,3.5,0.399,0
6.092,1,0.402,3.5,0.402,0
6.1205,1,0.405,3.5,0.405,0
6.149,1,0.408,3.5,0.408,0
6.1775,1,0.411,3.5,0.411,0
6.206,1,0.414,3.5,0.414,0
6.2346,1,0.417,3.5,0.417,0
6.2632,1,0.42,3.5,0.42,0
6.2919,1,0.423,3.5,0.423,0
6.3206,1,0.426,3.5,0.426,0
6.3493,1,0.429,3.5,0.429,0
6.378,1,0.432,3.5,0.432,0
6.4068,1,0.435,3.5,0.435,0
6.4356,1,0.438,3.5,0.438,0
6.4644,1,0.441,3.5,0.441,0
6.4933,1,0.444,3.5,0.444,0
6.5222,1,0.447,3.5,0.447,0
6.5511,1,0.45,3.5,0.45,0
6.5801,1,0.453,3.5,0.453,0
6.6091,1,0.456,3.5,0.456,0
6.6382,1,0.459,3.5,0.459,0
6.6673,1,0.462,3.5,0.462,0
6.6964,1,0.465,3.5,0.465,0
6.7256,1,0.468,3.5,0.468,0
6.7548,1,0.471,3.5,0.471,0
6.7841,1,0.474,3.5,0.474,0
6.8134,1,0.477,3.5,0.477,0
6.8428,1,0.48,3.5,0.48,0
6.8722,1,0.483,3.5,0.483,0
6.9017,1,0.486,3.5,0.486,0
nan,0,0.489,3.5,0.489,0
nan,0,0.492,3.5,0.492,0
6.9998,1,0.495,3.5,0.495,0
7.0297,1,0.498,3.5,0.498,0
7.0596,1,0.501,3.5,0.501,0
7.0895,1,0.504,3.5,0.504,0
7.1193,1,0.507,3.5,0.507,0
7.149,1,0.51,3.5,0.51,0
7.1787,1,0.513,3.5,0.513,0
7.2084,1,0.516,3.5,0.516,0
7.238,1,0.519,3.5,0.519,0
7.2675,1,0.522,3.5,0.522,0
7.297,1,0.525,3.5,0.525,0
7.3265,1,0.528,3.5,0.528,0
7.3559,1,0.531,3.5,0.531,0
7.3852,1,0.534,3.5,0.534,0
7.4145,1,0.537,3.5,0.537,0
7.4437,1,0.54,3.5,0.54,0
7.4729,1,0.543,3.5,0.543,0
7.502,1,0.546,3.5,0.546,0
7.5311,1,0.549,3.5,0.549,0
7.5601,1,0.552,3.5,0.552,0
7.589,1,0.555,3.5,0.555,0
7.6179,1,0.558,3.5,0.558,0
7.6467,1,0.561,3.5,0.561,0
7.6755,1,0.564,3.5,0.564,0
7.7042,1,0.567,3.5,0.567,0
7.7328,1,0.57,3.5,0.57,0
7.7614,1,0.573,3.5,0.573,0
7.7771,1,0.576,3.5,0.576,0
7.7955,1,0.579,3.5,0.579,0
7.8139,1,0.582,3.5,0.582,0
7.8323,1,0.585,3.5,0.585,0
7.8507,1,0.588,3.5,0.588,0
7.8692,1,0.591,3.5,0.591,0
7.8877,1,0.594,3.5,0.594,0
7.9062,1,0.597,3.5,0.597,0
7.9247,1,0.6,3.5,0.6,0
7.9433,1,0.603,3.5,0.603,0
7.9619,1,0.606,3.5,0.606,0
7.9805,1,0.609,3.5,0.609,0
7.9991,1,0.612,3.5,0.612,0
8.0177,1,0.615,3.5,0.615,0
8.0364,1,0.618,3.5,0.618,0
8.0551,1,0.621,3.5,0.621,0
8.0738,1,0.624,3.5,0.624,0
8.0925,1,0.627,3.5,0.627,0
8.1113,1,0.63,3.5,0.63,0
8.1301,1,0.633,3.5,0.633,0
8.1489,1,0.636,3.5,0.636,0
8.1677,1,0.639,3.5,0.639,0
8.1865,1,0.642,3.5,0.642,0
8.2054,1,0.645,3.5,0.645,0
8.2242,1,0.648,3.5,0.648,0
8.2431,1,0.651,3.5,0.651,0
8.262,1,0.654,3.5,0.654,0
8.281,1,0.657,3.5,0.657,0
8.2999,1,0.66,3.5,0.66,0
8.3189,1,0.663,3.5,0.663,0
8.3378,1,0.666,3.5,0.666,0
8.3568,1,0.669,3.5,0.669,0
8.3758,1,0.672,3.5,0.672,0
8.3949,1,0.675,3.5,0.675,0
8.4139,1,0.678,3.5,0.678,0
8.433,1,0.681,3.5,0.681,0
8.4521,1,0.684,3.5,0.684,0
8.4711,1,0.687,3.5,0.687,0
8.4903,1,0.69,3.5,0.69,0
8.5094,1,0.693,3.5,0.693,0
8.5285,1,0.696,3.5,0.696,0
8.5477,1,0.699,3.5,0.699,0
8.5668,1,0.702,3.5,0.702,0
8.586,1,0.705,3.5,0.705,0
8.6052,1,0.708,3.5,0.708,0
8.6244,1,0.711,3.5,0.711,0
8.6436,1,0.714,3.5,0.714,0
8.6628,1,0.717,3.5,0.717,0
8.682,1,0.72,3.5,0.72,0
8.7013,1,0.723,3.5,0.723,0
8.7206,1,0.726,3.5,0.726,0
8.7398,1,0.729,3.5,0.729,0
8.7591,1,0.732,3.5,0.732,0
8.7862,1,0.735,3.5,0.735,0
8.8008,1,0.738,3.5,0.738,0
8.8155,1,0.741,3.5,0.741,0
8.8301,1,0.744,3.5,0.744,0
8.8447,1,0.747,3.5,0.747,0
8.8594,1,0.75,3.5,0.75,0
8.874,1,0.753,3.5,0.753,0
8.8887,1,0.756,3.5,0.756,0
8.9033,1,0.759,3.5,0.759,0
8.918,1,0.762,3.5,0.762,0
8.9327,1,0.765,3.5,0.765,0
8.9474,1,0.768,3.5,0.768,0
8.9621,1,0.771,3.5,0.771,0
9.002,1,0.774,3.5,0.774,0
9.0165,1,0.777,3.5,0.777,0
9.031,1,0.78,3.5,0.78,0
9.0454,1,0.783,3.5,0.783,0
9.0599,1,0.786,3.5,0.786,0
9.0744,1,0.789,3.5,0.789,0
9.0889,1,0.792,3.5,0.792,0
9.1034,1,0.795,3.5,0.795,0
9.1179,1,0.798,3.5,0.798,0
9.1324,1,0.801,3.5,0.801,0
9.1469,1,0.804,3.5,0.804,0
9.1615,1,0.807,3.5,0.807,0
9.176,1,0.81,3.5,0.81,0
9.1905,1,0.813,3.5,0.813,0
9.205,1,0.816,3.5,0.816,0
9.2195,1,0.819,3.5,0.819,0
9.2341,1,0.822,3.5,0.822,0
9.2486,1,0.825,3.5,0.825,0
9.2631,1,0.828,3.5,0.828,0
9.2777,1,0.831,3.5,0.831,0
9.2922,1,0.834,3.5,0.834,0
9.3068,1,0.837,3.5,0.837,0
9.3213,1,0.84,3.5,0.84,0
9.3358,1,0.843,3.5,0.843,0
9.3504,1,0.846,3.5,0.846,0
9.3649,1,0.849,3.5,0.849,0
9.3795,1,0.852,3.5,0.852,0
9.3941,1,0.855,3.5,0.855,0
9.4086,1,0.858,3.5,0.858,0
9.4232,1,0.861,3.5,0.861,0
9.4378,1,0.864,3.5,0.864,0
9.4523,1,0.867,3.5,0.867,0
9.4722,1,0.87,3.5,0.87,0
9.4832,1,0.873,3.5,0.873,0
9.4942,1,0.876,3.5,0.876,0
9.5052,1,0.879,3.5,0.879,0
9.5162,1,0.882,3.5,0.882,0
9.507,1,0.885,3.5,0.885,0
9.5181,1,0.888,3.5,0.888,0
9.5292,1,0.891,3.5,0.891,0
9.5403,1,0.894,3.5,0.894,0
9.5513,1,0.897,3.5,0.897,0
9.5624,1,0.9,3.5,0.9,0
9.5735,1,0.903,3.5,0.903,0
9.5845,1,0.906,3.5,0.906,0
9.5956,1,0.909,3.5,0.909,0
9.6066,1,0.912,3.5,0.912,0
9.6176,1,0.915,3.5,0.915,0
9.6286,1,0.918,3.5,0.918,0
9.6397,1,0.921,3.5,0.921,0
9.6507,1,0.924,3.5,0.924,0
9.6617,1,0.927,3.5,0.927,0
9.6727,1,0.93,3.5,0.93,0
9.6837,1,0.933,3.5,0.933,0
9.6946,1,0.936,3.5,0.936,0
9.7056,1,0.939,3.5,0.939,0
9.7166,1,0.942,3.5,0.942,0
9.7275,1,0.945,3.5,0.945,0
9.7385,1,0.948,3.5,0.948,0
9.7494,1,0.951,3.5,0.951,0
9.7604,1,0.954,3.5,0.954,0
9.7713,1,0.957,3.5,0.957,0
9.7822,1,0.96,3.5,0.96,0
9.7931,1,0.963,3.5,0.963,0
9.8041,1,0.966,3.5,0.966,0
9.815,1,0.969,3.5,0.969,0
9.8258,1,0.972,3.5,0.972,0
9.8367,1,0.975,3.5,0.975,0
9.8476,1,0.978,3.5,0.978,0
9.8585,1,0.981,3.5,0.981,0
9.8693,1,0.984,3.5,0.984,0
9.8802,1,0.987,3.5,0.987,0
9.891,1,0.99,3.5,0.99,0
9.9018,1,0.993,3.5,0.993,0
9.9127,1,0.996,3.5,0.996,0
9.9235,1,0.999,3.5,0.999,0
9.9343,1,1.002,3.5,1.002,0
9.9451,1,1.005,3.5,1.005,0
9.9559,1,1.008,3.5,1.008,0
9.9666,1,1.011,3.5,1.011,0
9.9774,1,1.014,3.5,1.014,0
9.9882,1,1.017,3.5,1.017,0
9.9989,1,1.02,3.5,1.02,0
10.01,1,1.023,3.5,1.023,0
10.02,1,1.026,3.5,1.026,0
10.031,1,1.029,3.5,1.029,0
10.042,1,1.032,3.5,1.032,0
10.052,1,1.035,3.5,1.035,0
10.063,1,1.038,3.5,1.038,0
10.074,1,1.041,3.5,1.041,0
9.6565,1,1.044,3.5,1.044,0
9.6645,1,1.047,3.5,1.047,0
9.6726,1,1.05,3.5,1.05,0
9.6807,1,1.053,3.5,1.053,0
9.6888,1,1.056,3.5,1.056,0
9.697,1,1.059,3.5,1.059,0
9.7052,1,1.062,3.5,1.062,0
9.7135,1,1.065,3.5,1.065,0
9.7218,1,1.068,3.5,1.068,0
9.7302,1,1.071,3.5,1.071,0
9.7386,1,1.074,3.5,1.074,0
9.747,1,1.077,3.5,1.077,0
9.7555,1,1.08,3.5,1.08,0
9.7641,1,1.083,3.5,1.083,0
9.7691,1,1.086,3.5,1.086,0
9.7789,1,1.089,3.5,1.089,0
9.7887,1,1.092,3.5,1.092,0
9.7985,1,1.095,3.5,1.095,0
9.8083,1,1.098,3.5,1.098,0
9.8181,1,1.101,3.5,1.101,0
9.828,1,1.104,3.5,1.104,0
9.8378,1,1.107,3.5,1.107,0
9.8477,1,1.11,3.5,1.11,0
9.8576,1,1.113,3.5,1.113,0
9.8675,1,1.116,3.5,1.116,0
9.8775,1,1.119,3.5,1.119,0
9.8874,1,1.122,3.5,1.122,0
9.8974,1,1.125,3.5,1.125,0
9.9074,1,1.128,3.5,1.128,0
9.9174,1,1.131,3.5,1.131,0
9.9274,1,1.134,3.5,1.134,0
9.9375,1,1.137,3.5,1.137,0
9.9476,1,1.14,3.5,1.14,0
9.9577,1,1.143,3.5,1.143,0
9.9678,1,1.146,3.5,1.146,0
9.9779,1,1.149,3.5,1.149,0
9.9881,1,1.152,3.5,1.152,0
9.9982,1,1.155,3.5,1.155,0
nan,0,1.158,3.5,1.158,0
nan,0,1.161,3.5,1.161,0
nan,0,1.164,3.5,1.164,0
nan,0,1.167,3.5,1.167,0
nan,0,1.17,3.5,1.17,0
nan,0,1.173,3.5,1.173,0
nan,0,1.176,3.5,1.176,0
nan,0,1.179,3.5,1.179,0
nan,0,1.182,3.5,1.182,0
nan,0,1.185,3.5,1.185,0
nan,0,1.188,3.5,1.188,0
nan,0,1.191,3.5,1.191,0
nan,0,1.194,3.5,1.194,0
nan,0,1.197,3.5,1.197,0
nan,0,1.2,3.5,1.2,0
nan,0,1.203,3.5,1.203,0
nan,0,1.206,3.5,1.206,0
nan,0,1.209,3.5,1.209,0
nan,0,1.212,3.5,1.212,0
nan,0,1.215,3.5,1.215,0
nan,0,1.218,3.5,1.218,0
nan,0,1.221,3.5,1.221,0
nan,0,1.224,3.5,1.224,0
nan,0,1.227,3.5,1.227,0
nan,0,1.23,3.5,1.23,0
nan,0,1.233,3.5,1.233,0
nan,0,1.236,3.5,1.236,0
nan,0,1.239,3.5,1.239,0
nan,0,1.242,3.5,1.242,0
nan,0,1.245,3.5,1.245,0
nan,0,1.248,3.5,1.248,0
10.606,1,1.251,3.5,1.251,0
10.606,1,1.254,3.5,1.254,0
10.606,1,1.257,3.5,1.257,0
10.606,1,1.26,3.5,1.26,0
10.606,1,1.263,3.5,1.263,0
10.621,1,1.266,3.5,1.266,0
10.622,1,1.269,3.5,1.269,0
10.622,1,1.272,3.5,1.272,0
10.622,1,1.275,3.5,1.275,0
10.623,1,1.278,3.5,1.278,0
10.623,1,1.281,3.5,1.281,0
10.623,1,1.284,3.5,1.284,0
10.624,1,1.287,3.5,1.287,0
10.624,1,1.29,3.5,1.29,0
10.625,1,1.293,3.5,1.293,0
10.625,1,1.296,3.5,1.296,0
10.625,1,1.299,3.5,1.299,0
10.626,1,1.302,3.5,1.302,0
10.626,1,1.305,3.5,1.305,0
10.626,1,1.308,3.5,1.308,0
10.627,1,1.311,3.5,1.311,0
10.627,1,1.314,3.5,1.314,0
10.627,1,1.317,3.5,1.317,0
10.628,1,1.32,3.5,1.32,0
10.628,1,1.323,3.5,1.323,0
10.629,1,1.326,3.5,1.326,0
10.629,1,1.329,3.5,1.329,0
10.629,1,1.332,3.5,1.332,0
10.63,1,1.335,3.5,1.335,0
10.63,1,1.338,3.5,1.338,0
10.63,1,1.341,3.5,1.341,0
10.631,1,1.344,3.5,1.344,0
10.631,1,1.347,3.5,1.347,0
10.632,1,1.35,3.5,1.35,0
10.632,1,1.353,3.5,1.353,0
10.633,1,1.356,3.5,1.356,0
10.633,1,1.359,3.5,1.359,0
10.633,1,1.362,3.5,1.362,0
10.634,1,1.365,3.5,1.365,0
10.634,1,1.368,3.5,1.368,0
10.635,1,1.371,3.5,1.371,0
10.635,1,1.374,3.5,1.374,0
10.636,1,1.377,3.5,1.377,0
10.636,1,1.38,3.5,1.38,0
10.637,1,1.383,3.5,1.383,0
10.637,1,1.386,3.5,1.386,0
10.638,1,1.389,3.5,1.389,0
10.638,1,1.392,3.5,1.392,0
10.639,1,1.395,3.5,1.395,0
10.639,1,1.398,3.5,1.398,0
10.64,1,1.401,3.5,1.401,0
10.641,1,1.404,3.5,1.404,0
10.642,1,1.407,3.5,1.407,0
10.642,1,1.41,3.5,1.41,0
10.643,1,1.413,3.5,1.413,0
10.644,1,1.416,3.5,1.416,0
10.645,1,1.419,3.5,1.419,0
10.646,1,1.422,3.5,1.422,0
10.648,1,1.425,3.5,1.425,0
10.649,1,1.428,3.5,1.428,0
10.651,1,1.431,3.5,1.431,0
nan,0,1.434,3.5,1.434,0
nan,0,1.437,3.5,1.437,0
nan,0,1.44,3.5,1.44,0
nan,0,1.443,3.5,1.443,0
nan,0,1.446,3.5,1.446,0
nan,0,1.449,3.5,1.449,0
10.594,1,1.452,3.5,1.452,0
10.603,1,1.455,3.5,1.455,0
10.61,1,1.458,3.5,1.458,0
10.616,1,1.461,3.5,1.461,0
10.62,1,1.464,3.5,1.464,0
10.623,1,1.467,3.5,1.467,0
10.626,1,1.47,3.5,1.47,0
10.628,1,1.473,3.5,1.473,0
10.63,1,1.476,3.5,1.476,0
10.631,1,1.479,3.5,1.479,0
10.633,1,1.482,3.5,1.482,0
10.634,1,1.485,3.5,1.485,0
10.635,1,1.488,3.5,1.488,0
10.636,1,1.491,3.5,1.491,0
10.637,1,1.494,3.5,1.494,0
10.637,1,1.497,3.5,1.497,0
10.638,1,1.5,3.5,1.5,0
10.639,1,1.503,3.5,1.503,0
10.639,1,1.506,3.5,1.506,0
10.64,1,1.509,3.5,1.509,0
10.641,1,1.512,3.5,1.512,0
10.641,1,1.515,3.5,1.515,0
10.642,1,1.518,3.5,1.518,0
10.642,1,1.521,3.5,1.521,0
10.643,1,1.524,3.5,1.524,0
10.643,1,1.527,3.5,1.527,0
10.644,1,1.53,3.5,1.53,0
10.644,1,1.533,3.5,1.533,0
10.645,1,1.536,3.5,1.536,0
10.645,1,1.539,3.5,1.539,0
10.646,1,1.542,3.5,1.542,0
10.646,1,1.545,3.5,1.545,0
10.646,1,1.548,3.5,1.548,0
10.647,1,1.551,3.5,1.551,0
10.647,1,1.554,3.5,1.554,0
10.648,1,1.557,3.5,1.557,0
10.648,1,1.56,3.5,1.56,0
10.757,1,1.563,3.5,1.563,0
10.768,1,1.566,3.5,1.566,0
10.781,1,1.569,3.5,1.569,0
10.796,1,1.572,3.5,1.572,0
10.798,1,1.575,3.5,1.575,0
10.792,1,1.578,3.5,1.578,0
10.787,1,1.581,3.5,1.581,0
10.781,1,1.584,3.5,1.584,0
10.775,1,1.587,3.5,1.587,0
10.769,1,1.59,3.5,1.59,0
10.763,1,1.593,3.5,1.593,0
10.757,1,1.596,3.5,1.596,0
10.751,1,1.599,3.5,1.599,0
10.746,1,1.602,3.5,1.602,0
10.74,1,1.605,3.5,1.605,0
10.734,1,1.608,3.5,1.608,0
10.728,1,1.611,3.5,1.611,0
10.722,1,1.614,3.5,1.614,0
10.716,1,1.617,3.5,1.617,0
10.71,1,1.62,3.5,1.62,0
10.704,1,1.623,3.5,1.623,0
10.698,1,1.626,3.5,1.626,0
10.692,1,1.629,3.5,1.629,0
10.414,1,1.632,3.5,1.632,0
10.414,1,1.635,3.5,1.635,0
10.413,1,1.638,3.5,1.638,0
10.412,1,1.641,3.5,1.641,0
10.412,1,1.644,3.5,1.644,0
10.411,1,1.647,3.5,1.647,0
10.41,1,1.65,3.5,1.65,0
10.41,1,1.653,3.5,1.653,0
10.409,1,1.656,3.5,1.656,0
10.408,1,1.659,3.5,1.659,0
10.408,1,1.662,3.5,1.662,0
10.407,1,1.665,3.5,1.665,0
10.406,1,1.668,3.5,1.668,0
10.405,1,1.671,3.5,1.671,0
10.405,1,1.674,3.5,1.674,0
10.404,1,1.677,3.5,1.677,0
10.403,1,1.68,3.5,1.68,0
10.403,1,1.683,3.5,1.683,0
10.402,1,1.686,3.5,1.686,0
10.401,1,1.689,3.5,1.689,0
10.4,1,1.692,3.5,1.692,0
10.4,1,1.695,3.5,1.695,0
10.399,1,1.698,3.5,1.698,0
10.398,1,1.701,3.5,1.701,0
10.397,1,1.704,3.5,1.704,0
10.397,1,1.707,3.5,1.707,0
nan,0,1.71,3.5,1.71,0
nan,0,1.713,3.5,1.713,0
nan,0,1.716,3.5,1.716,0
nan,0,1.719,3.5,1.719,0
nan,0,1.722,3.5,1.722,0
nan,0,1.725,3.5,1.725,0
nan,0,1.728,3.5,1.728,0
nan,0,1.731,3.5,1.731,0
nan,0,1.734,3.5,1.734,0
nan,0,1.737,3.5,1.737,0
nan,0,1.74,3.5,1.74,0
nan,0,1.743,3.5,1.743,0
nan,0,1.746,3.5,1.746,0
nan,0,1.749,3.5,1.749,0
nan,0,1.752,3.5,1.752,0
nan,0,1.755,3.5,1.755,0
nan,0,1.758,3.5,1.758,0
nan,0,1.761,3.5,1.761,0
nan,0,1.764,3.5,1.764,0
nan,0,1.767,3.5,1.767,0
nan,0,1.77,3.5,1.77,0
nan,0,1.773,3.5,1.773,0
nan,0,1.776,3.5,1.776,0
nan,0,1.779,3.5,1.779,0
nan,0,1.782,3.5,1.782,0
nan,0,1.785,3.5,1.785,0
nan,0,1.788,3.5,1.788,0
nan,0,1.791,3.5,1.791,0
nan,0,1.794,3.5,1.794,0
nan,0,1.797,3.5,1.797,0
nan,0,1.8,3.5,1.8,0
nan,0,1.803,3.5,1.803,0
nan,0,1.806,3.5,1.806,0
nan,0,1.809,3.5,1.809,0
nan,0,1.812,3.5,1.812,0
nan,0,1.815,3.5,1.815,0
nan,0,1.818,3.5,1.818,0
nan,0,1.821,3.5,1.821,0
nan,0,1.824,3.5,1.824,0
nan,0,1.827,3.5,1.827,0
nan,0,1.83,3.5,1.83,0
nan,0,1.833,3.5,1.833,0
nan,0,1.836,3.5,1.836,0
nan,0,1.839,3.5,1.839,0
nan,0,1.842,3.5,1.842,0
nan,0,1.845,3.5,1.845,0
nan,0,1.848,3.5,1.848,0
nan,0,1.851,3.5,1.851,0
nan,0,1.854,3.5,1.854,0
nan,0,1.857,3.5,1.857,0
nan,0,1.86,3.5,1.86,0
nan,0,1.863,3.5,1.863,0
nan,0,1.866,3.5,1.866,0
nan,0,1.869,3.5,1.869,0
nan,0,1.872,3.5,1.872,0
nan,0,1.875,3.5,1.875,0
10.364,1,1.878,3.5,1.878,0
10.362,1,1.881,3.5,1.881,0
10.36,1,1.884,3.5,1.884,0
10.357,1,1.887,3.5,1.887,0
10.355,1,1.89,3.5,1.89,0
10.352,1,1.893,3.5,1.893,0
10.35,1,1.896,3.5,1.896,0
10.347,1,1.899,3.5,1.899,0
10.345,1,1.902,3.5,1.902,0
10.343,1,1.905,3.5,1.905,0
10.34,1,1.908,3.5,1.908,0
10.338,1,1.911,3.5,1.911,0
10.335,1,1.914,3.5,1.914,0
10.333,1,1.917,3.5,1.917,0
10.331,1,1.92,3.5,1.92,0
10.328,1,1.923,3.5,1.923,0
10.326,1,1.926,3.5,1.926,0
10.323,1,1.929,3.5,1.929,0
10.321,1,1.932,3.5,1.932,0
10.319,1,1.935,3.5,1.935,0
10.316,1,1.938,3.5,1.938,0
10.314,1,1.941,3.5,1.941,0
10.311,1,1.944,3.5,1.944,0
10.309,1,1.947,3.5,1.947,0
10.307,1,1.95,3.5,1.95,0
10.304,1,1.953,3.5,1.953,0
10.302,1,1.956,3.5,1.956,0
10.299,1,1.959,3.5,1.959,0
10.297,1,1.962,3.5,1.962,0
10.295,1,1.965,3.5,1.965,0
10.292,1,1.968,3.5,1.968,0
10.29,1,1.971,3.5,1.971,0
10.287,1,1.974,3.5,1.974,0
10.285,1,1.977,3.5,1.977,0
10.283,1,1.98,3.5,1.98,0
10.28,1,1.983,3.5,1.983,0
10.278,1,1.986,3.5,1.986,0
10.276,1,1.989,3.5,1.989,0
10.273,1,1.992,3.5,1.992,0
9.9571,1,1.995,3.5,1.995,0
9.9732,1,1.998,3.5,1.998,0
9.9806,1,2.001,3.5,2.001,0
9.9837,1,2.004,3.5,2.004,0
9.9842,1,2.007,3.5,2.007,0
9.9829,1,2.01,3.5,2.01,0
9.9802,1,2.013,3.5,2.013,0
nan,0,2.016,3.5,2.016,0
nan,0,2.019,3.5,2.019,0
nan,0,2.022,3.5,2.022,0
nan,0,2.025,3.5,2.025,0
nan,0,2.028,3.5,2.028,0
nan,0,2.031,3.5,2.031,0
nan,0,2.034,3.5,2.034,0
nan,0,2.037,3.5,2.037,0
nan,0,2.04,3.5,2.04,0
nan,0,2.043,3.5,2.043,0
nan,0,2.046,3.5,2.046,0
nan,0,2.049,3.5,2.049,0
nan,0,2.052,3.5,2.052,0
nan,0,2.055,3.5,2.055,0
nan,0,2.058,3.5,2.058,0
nan,0,2.061,3.5,2.061,0
nan,0,2.064,3.5,2.064,0
nan,0,2.067,3.5,2.067,0
nan,0,2.07,3.5,2.07,0
nan,0,2.073,3.5,2.073,0
nan,0,2.076,3.5,2.076,0
nan,0,2.079,3.5,2.079,0
nan,0,2.082,3.5,2.082,0
nan,0,2.085,3.5,2.085,0
nan,0,2.088,3.5,2.088,0
nan,0,2.091,3.5,2.091,0
nan,0,2.094,3.5,2.094,0
nan,0,2.097,3.5,2.097,0
nan,0,2.1,3.5,2.1,0
nan,0,2.103,3.5,2.103,0
nan,0,2.106,3.5,2.106,0
nan,0,2.109,3.5,2.109,0
nan,0,2.112,3.5,2.112,0
nan,0,2.115,3.5,2.115,0
nan,0,2.118,3.5,2.118,0
nan,0,2.121,3.5,2.121,0
nan,0,2.124,3.5,2.124,0
nan,0,2.127,3.5,2.127,0
nan,0,2.13,3.5,2.13,0
nan,0,2.133,3.5,2.133,0
nan,0,2.136,3.5,2.136,0
nan,0,2.139,3.5,2.139,0
nan,0,2.142,3.5,2.142,0
nan,0,2.145,3.5,2.145,0
nan,0,2.148,3.5,2.148,0
nan,0,2.151,3.5,2.151,0
nan,0,2.154,3.5,2.154,0
nan,0,2.157,3.5,2.157,0
nan,0,2.16,3.5,2.16,0
nan,0,2.163,3.5,2.163,0
nan,0,2.166,3.5,2.166,0
nan,0,2.169,3.5,2.169,0
nan,0,2.172,3.5,2.172,0
nan,0,2.175,3.5,2.175,0
nan,0,2.178,3.5,2.178,0
nan,0,2.181,3.5,2.181,0
nan,0,2.184,3.5,2.184,0
nan,0,2.187,3.5,2.187,0
nan,0,2.19,3.5,2.19,0
nan,0,2.193,3.5,2.193,0
9.1468,1,2.196,3.5,2.196,0
9.1288,1,2.199,3.5,2.199,0
9.1107,1,2.202,3.5,2.202,0
9.0927,1,2.205,3.5,2.205,0
9.0747,1,2.208,3.5,2.208,0
9.0567,1,2.211,3.5,2.211,0
9.0387,1,2.214,3.5,2.214,0
9.0207,1,2.217,3.5,2.217,0
9.0027,1,2.22,3.5,2.22,0
8.9848,1,2.223,3.5,2.223,0
8.9668,1,2.226,3.5,2.226,0
8.9489,1,2.229,3.5,2.229,0
8.931,1,2.232,3.5,2.232,0
8.9131,1,2.235,3.5,2.235,0
8.8952,1,2.238,3.5,2.238,0
8.8773,1,2.241,3.5,2.241,0
8.8594,1,2.244,3.5,2.244,0
8.8416,1,2.247,3.5,2.247,0
8.8237,1,2.25,3.5,2.25,0
8.8059,1,2.253,3.5,2.253,0
8.7881,1,2.256,3.5,2.256,0
8.7703,1,2.259,3.5,2.259,0
8.7525,1,2.262,3.5,2.262,0
8.7347,1,2.265,3.5,2.265,0
8.7169,1,2.268,3.5,2.268,0
8.6992,1,2.271,3.5,2.271,0
8.6814,1,2.274,3.5,2.274,0
8.6637,1,2.277,3.5,2.277,0
8.646,1,2.28,3.5,2.28,0
8.6283,1,2.283,3.5,2.283,0
8.6106,1,2.286,3.5,2.286,0
8.5929,1,2.289,3.5,2.289,0
8.5752,1,2.292,3.5,2.292,0
8.5576,1,2.295,3.5,2.295,0
8.5399,1,2.298,3.5,2.298,0
8.5223,1,2.301,3.5,2.301,0
8.5047,1,2.304,3.5,2.304,0
8.4871,1,2.307,3.5,2.307,0
8.4695,1,2.31,3.5,2.31,0
8.452,1,2.313,3.5,2.313,0
8.4344,1,2.316,3.5,2.316,0
8.4169,1,2.319,3.5,2.319,0
8.3994,1,2.322,3.5,2.322,0
8.3818,1,2.325,3.5,2.325,0
8.3643,1,2.328,3.5,2.328,0
8.3469,1,2.331,3.5,2.331,0
8.3294,1,2.334,3.5,2.334,0
8.3119,1,2.337,3.5,2.337,0
8.2945,1,2.34,3.5,2.34,0
8.2771,1,2.343,3.5,2.343,0
8.2597,1,2.346,3.5,2.346,0
8.2423,1,2.349,3.5,2.349,0
8.2249,1,2.352,3.5,2.352,0
8.2075,1,2.355,3.5,2.355,0
8.1902,1,2.358,3.5,2.358,0
8.1728,1,2.361,3.5,2.361,0
8.1555,1,2.364,3.5,2.364,0
8.1382,1,2.367,3.5,2.367,0
8.1209,1,2.37,3.5,2.37,0
8.1036,1,2.373,3.5,2.373,0
8.0864,1,2.376,3.5,2.376,0
8.0691,1,2.379,3.5,2.379,0
8.0519,1,2.382,3.5,2.382,0
8.0347,1,2.385,3.5,2.385,0
8.0175,1,2.388,3.5,2.388,0
8.0003,1,2.391,3.5,2.391,0
7.9733,1,2.394,3.5,2.394,0
7.9472,1,2.397,3.5,2.397,0
7.9211,1,2.4,3.5,2.4,0
7.895,1,2.403,3.5,2.403,0
7.869,1,2.406,3.5,2.406,0
7.8429,1,2.409,3.5,2.409,0
7.8169,1,2.412,3.5,2.412,0
7.7908,1,2.415,3.5,2.415,0
7.7648,1,2.418,3.5,2.418,0
7.7388,1,2.421,3.5,2.421,0
7.7128,1,2.424,3.5,2.424,0
7.6868,1,2.427,3.5,2.427,0
7.6608,1,2.43,3.5,2.43,0
7.6348,1,2.433,3.5,2.433,0
7.6089,1,2.436,3.5,2.436,0
7.5829,1,2.439,3.5,2.439,0
7.557,1,2.442,3.5,2.442,0
7.5311,1,2.445,3.5,2.445,0
7.5051,1,2.448,3.5,2.448,0
7.4792,1,2.451,3.5,2.451,0
7.4533,1,2.454,3.5,2.454,0
7.4274,1,2.457,3.5,2.457,0
7.4016,1,2.46,3.5,2.46,0
7.3757,1,2.463,3.5,2.463,0
7.3498,1,2.466,3.5,2.466,0
7.324,1,2.469,3.5,2.469,0
7.2982,1,2.472,3.5,2.472,0
7.2723,1,2.475,3.5,2.475,0
7.2465,1,2.478,3.5,2.478,0
7.2207,1,2.481,3.5,2.481,0
7.1949,1,2.484,3.5,2.484,0
7.1692,1,2.487,3.5,2.487,0
7.1434,1,2.49,3.5,2.49,0
7.1176,1,2.493,3.5,2.493,0
7.0919,1,2.496,3.5,2.496,0
7.0662,1,2.499,3.5,2.499,0
7.0404,1,2.502,3.5,2.502,0
7.0147,1,2.505,3.5,2.505,0
6.989,1,2.508,3.5,2.508,0
6.9633,1,2.511,3.5,2.511,0
6.9377,1,2.514,3.5,2.514,0
6.912,1,2.517,3.5,2.517,0
6.8863,1,2.52,3.5,2.52,0
6.8607,1,2.523,3.5,2.523,0
6.8351,1,2.526,3.5,2.526,0
6.8094,1,2.529,3.5,2.529,0
6.7838,1,2.532,3.5,2.532,0
6.7582,1,2.535,3.5,2.535,0
6.7326,1,2.538,3.5,2.538,0
6.7071,1,2.541,3.5,2.541,0
6.6815,1,2.544,3.5,2.544,0
6.6559,1,2.547,3.5,2.547,0
6.6304,1,2.55,3.5,2.55,0
6.6049,1,2.553,3.5,2.553,0
6.5794,1,2.556,3.5,2.556,0
6.5538,1,2.559,3.5,2.559,0
6.5284,1,2.562,3.5,2.562,0
6.5029,1,2.565,3.5,2.565,0
6.4774,1,2.568,3.5,2.568,0
6.4519,1,2.571,3.5,2.571,0
6.4265,1,2.574,3.5,2.574,0
6.4011,1,2.577,3.5,2.577,0
6.3756,1,2.58,3.5,2.58,0
6.3502,1,2.583,3.5,2.583,0
6.3248,1,2.586,3.5,2.586,0
6.2994,1,2.589,3.5,2.589,0
6.2643,1,2.592,3.5,2.592,0
6.2268,1,2.595,3.5,2.595,0
6.1893,1,2.598,3.5,2.598,0
6.1518,1,2.601,3.5,2.601,0
6.1143,1,2.604,3.5,2.604,0
6.0768,1,2.607,3.5,2.607,0
6.0393,1,2.61,3.5,2.61,0
6.0018,1,2.613,3.5,2.613,0
5.9643,1,2.616,3.5,2.616,0
5.9269,1,2.619,3.5,2.619,0
5.8894,1,2.622,3.5,2.622,0
5.8519,1,2.625,3.5,2.625,0
5.8145,1,2.628,3.5,2.628,0
5.777,1,2.631,3.5,2.631,0
5.7396,1,2.634,3.5,2.634,0
5.7021,1,2.637,3.5,2.637,0
5.6647,1,2.64,3.5,2.64,0
5.6273,1,2.643,3.5,2.643,0
5.5899,1,2.646,3.5,2.646,0
5.5524,1,2.649,3.5,2.649,0
5.515,1,2.652,3.5,2.652,0
5.4776,1,2.655,3.5,2.655,0
5.4402,1,2.658,3.5,2.658,0
5.4028,1,2.661,3.5,2.661,0
5.3654,1,2.664,3.5,2.664,0
5.328,1,2.667,3.5,2.667,0
5.2906,1,2.67,3.5,2.67,0
5.2532,1,2.673,3.5,2.673,0
5.2159,1,2.676,3.5,2.676,0
5.1785,1,2.679,3.5,2.679,0
5.1411,1,2.682,3.5,2.682,0
5.1038,1,2.685,3.5,2.685,0
5.0664,1,2.688,3.5,2.688,0
5.029,1,2.691,3.5,2.691,0
4.9917,1,2.694,3.5,2.694,0
4.9544,1,2.697,3.5,2.697,0
4.917,1,2.7,3.5,2.7,0
4.8797,1,2.703,3.5,2.703,0
4.8424,1,2.706,3.5,2.706,0
4.805,1,2.709,3.5,2.709,0
4.7677,1,2.712,3.5,2.712,0
4.7304,1,2.715,3.5,2.715,0
4.6931,1,2.718,3.5,2.718,0
4.6558,1,2.721,3.5,2.721,0
4.6185,1,2.724,3.5,2.724,0
4.5812,1,2.727,3.5,2.727,0
4.5439,1,2.73,3.5,2.73,0
4.5066,1,2.733,3.5,2.733,0
4.4694,1,2.736,3.5,2.736,0
4.4321,1,2.739,3.5,2.739,0
4.3948,1,2.742,3.5,2.742,0
4.3576,1,2.745,3.5,2.745,0
4.3203,1,2.748,3.5,2.748,0
4.2831,1,2.751,3.5,2.751,0
4.2458,1,2.754,3.5,2.754,0
4.2086,1,2.757,3.5,2.757,0
4.1714,1,2.76,3.5,2.76,0
4.1341,1,2.763,3.5,2.763,0
4.0969,1,2.766,3.5,2.766,0
4.0597,1,2.769,3.5,2.769,0
4.0225,1,2.772,3.5,2.772,0
3.9853,1,2.775,3.5,2.775,0
3.9481,1,2.778,3.5,2.778,0
3.9109,1,2.781,3.5,2.781,0
3.8737,1,2.784,3.5,2.784,0
3.8365,1,2.787,3.5,2.787,0
3.7993,1,2.79,3.5,2.79,0
3.7621,1,2.793,3.5,2.793,0
3.7045,1,2.796,3.5,2.796,0
3.6503,1,2.799,3.5,2.799,0
3.5961,1,2.802,3.5,2.802,0
3.542,1,2.805,3.5,2.805,0
3.4878,1,2.808,3.5,2.808,0
3.4337,1,2.811,3.5,2.811,0
3.3795,1,2.814,3.5,2.814,0
3.3254,1,2.817,3.5,2.817,0
3.2712,1,2.82,3.5,2.82,0
3.2171,1,2.823,3.5,2.823,0
3.1629,1,2.826,3.5,2.826,0
3.1087,1,2.829,3.5,2.829,0
3.0546,1,2.832,3.5,2.832,0
3.0004,1,2.835,3.5,2.835,0
2.9463,1,2.838,3.5,2.838,0
2.8921,1,2.841,3.5,2.841,0
2.838,1,2.844,3.5,2.844,0
2.7838,1,2.847,3.5,2.847,0
2.7297,1,2.85,3.5,2.85,0
2.6755,1,2.853,3.5,2.853,0
2.6214,1,2.856,3.5,2.856,0
2.5672,1,2.859,3.5,2.859,0
2.5131,1,2.862,3.5,2.862,0
2.459,1,2.865,3.5,2.865,0
2.4048,1,2.868,3.5,2.868,0
2.3507,1,2.871,3.5,2.871,0
2.2965,1,2.874,3.5,2.874,0
2.2424,1,2.877,3.5,2.877,0
2.1882,1,2.88,3.5,2.88,0
2.1341,1,2.883,3.5,2.883,0
2.08,1,2.886,3.5,2.886,0
2.0258,1,2.889,3.5,2.889,0
1.9717,1,2.892,3.5,2.892,0
1.9175,1,2.895,3.5,2.895,0
1.8634,1,2.898,3.5,2.898,0
1.8093,1,2.901,3.5,2.901,0
1.7551,1,2.904,3.5,2.904,0
1.701,1,2.907,3.5,2.907,0
1.6468,1,2.91,3.5,2.91,0
1.5927,1,2.913,3.5,2.913,0
1.5386,1,2.916,3.5,2.916,0
1.4844,1,2.919,3.5,2.919,0
1.4303,1,2.922,3.5,2.922,0
1.3762,1,2.925,3.5,2.925,0
1.322,1,2.928,3.5,2.928,0
1.2679,1,2.931,3.5,2.931,0
1.2138,1,2.934,3.5,2.934,0
1.1596,1,2.937,3.5,2.937,0
1.1055,1,2.94,3.5,2.94,0
1.0514,1,2.943,3.5,2.943,0
0.99724,1,2.946,3.5,2.946,0
0.94312,1,2.949,3.5,2.949,0
0.88899,1,2.952,3.5,2.952,0
0.83486,1,2.955,3.5,2.955,0
0.78074,1,2.958,3.5,2.958,0
0.72661,1,2.961,3.5,2.961,0
0.67248,1,2.964,3.5,2.964,0
0.61836,1,2.967,3.5,2.967,0
0.56423,1,2.97,3.5,2.97,0
0.51011,1,2.973,3.5,2.973,0
0.45598,1,2.976,3.5,2.976,0
0.40186,1,2.979,3.5,2.979,0
0.34774,1,2.982,3.5,2.982,0
0.29362,1,2.985,3.5,2.985,0
0.2395,1,2.988,3.5,2.988,0
0.18538,1,2.991,3.5,2.991,0
0.13126,1,2.994,3.5,2.994,0
0.077142,1,2.997,3.5,2.997,0
0.023023,1,3,3.5,3,0
